StartDate,EndDate,Status,IPAddress,Progress,Duration (in seconds),Finished,RecordedDate,ResponseId,RecipientLastName,RecipientFirstName,RecipientEmail,ExternalReference,LocationLatitude,LocationLongitude,DistributionChannel,UserLanguage,consent,attention,conv_large_guess_a_4,conv_large_conf_a,conv_large_comp_a,conv_large_guess_b_1,conv_large_conf_b,conv_large_comp_b,conv_small_guess_a_1,conv_small_conf_a,conv_small_comp_a,conv_small_guess_b_1,conv_small_conf_b,conv_small_comp_b,noconv_large_guess_a_1,noconv_large_conf_a,noconv_large_comp_a,noconv_large_guess_b_1,noconv_large_conf_b,noconv_large_comp_b,noconv_small_guess_a_1,noconv_small_conf_a,noconv_small_comp_a,noconv_small_guess_b_1,noconv_small_conf_b,noconv_small_comp_b,conv_large_guess_a_1,conv_large_conf_a,conv_large_comp_a,conv_large_guess_b_1,conv_large_conf_b,conv_large_comp_b,conv_small_guess_a_1,conv_small_conf_a,conv_small_comp_a,conv_small_guess_b_1,conv_small_conf_b,conv_small_comp_b,noconv_large_guess_a_1,noconv_large_conf_a,noconv_large_comp_a,noconv_large_guess_b_1,noconv_large_conf_b,noconv_large_comp_b,noconv_small_guess_a_1,noconv_small_conf_a,noconv_small_comp_a,noconv_small_guess_b_1,noconv_small_conf_b,noconv_small_comp_b,conv_large_guess_a_1,conv_large_conf_a,conv_large_comp_a,conv_large_guess_b_1,conv_large_conf_b,conv_large_comp_b,conv_small_guess_a_1,conv_small_conf_a,conv_small_comp_a,conv_small_guess_b_1,conv_small_conf_b,conv_small_comp_b,noconv_large_guess_a_1,noconv_large_conf_a,noconv_large_comp_a,noconv_large_guess_b_1,noconv_large_conf_b,noconv_large_comp_b,noconv_small_guess_a_1,noconv_small_conf_a,noconv_small_comp_a,noconv_small_guess_b_1,noconv_small_conf_b,noconv_small_comp_b,Q2,Q3,Q4,Q5,PROLIFIC_PID,counter
Start Date,End Date,Response Type,IP Address,Progress,Duration (in seconds),Finished,Recorded Date,Response ID,Recipient Last Name,Recipient First Name,Recipient Email,External Data Reference,Location Latitude,Location Longitude,Distribution Channel,User Language,"We invite you to participate in a scientific experiment. Participation requires that you give your informed consent. Before proceeding, please consider the following information:    The survey will take about 5 minutes to complete.    There are no risks involved in this study.    You will be paid for your participation at the posted rate (provided that you complete the whole study, including demographic questions).    Your individual privacy will be maintained in all published and written data resulting from the study.     Participation in this research study is voluntary. You may choose not to participate.     By ticking the box below, and proceeding to the study task you certify that you have read this form, and agreed to participate in accordance with the above conditions.","Imagine you are playing video games with a friend and at some point your friend says:     “I don’t want to play this game anymore! To make sure that you read the instructions, please write the three following words ""I pay attention"" in the box below. I really dislike this game, it's the most overrated game ever.”      Do you agree with your friend?","What would you guess is the correct answer, if there is one? - Click to write Choice 1",How confident are you that this answer is at least approximately correct?,"On average, how good do you think these players are at the game?","What would you guess is the correct answer, if there is one? - 1",How confident are you that this answer is at least approximately correct?,"On average, how good do you think these players are at the game?","What would you guess is the correct answer, if there is one? - 1",How confident are you that this answer is at least approximately correct?,"On average, how good do you think these players are at the game?","What would you guess is the correct answer, if there is one? - 1",How confident are you that this answer is at least approximately correct?,"On average, how good do you think these players are at the game?","What would you guess is the correct answer, if there is one? - 1",How confident are you that this answer is at least approximately correct?,"On average, how good do you think these players are at the game?","What would you guess is the correct answer, if there is one? - 1",How confident are you that this answer is at least approximately correct?,"On average, how good do you think these players are at the game?","What would you guess is the correct answer, if there is one? - 1",How confident are you that this answer is at least approximately correct?,"On average, how good do you think these players are at the game?","What would you guess is the correct answer, if there is one? - 1",How confident are you that this answer is at least approximately correct?,"On average, how good do you think these players are at the game?","What would you guess is the correct answer, if there is one? - 1",How confident are you that this answer is at least approximately correct?,"On average, how good do you think these players are at the game?","What would you guess is the correct answer, if there is one? - 1",How confident are you that this answer is at least approximately correct?,"On average, how good do you think these players are at the game?","What would you guess is the correct answer, if there is one? - 1",How confident are you that this answer is at least approximately correct?,"On average, how good do you think these players are at the game?","What would you guess is the correct answer, if there is one? - 1",How confident are you that this answer is at least approximately correct?,"On average, how good do you think these players are at the game?","What would you guess is the correct answer, if there is one? - 1",How confident are you that this answer is at least approximately correct?,"On average, how good do you think these players are at the game?","What would you guess is the correct answer, if there is one? - 1",How confident are you that this answer is at least approximately correct?,"On average, how good do you think these players are at the game?","What would you guess is the correct answer, if there is one? - 1",How confident are you that this answer is at least approximately correct?,"On average, how good do you think these players are at the game?","What would you guess is the correct answer, if there is one? - 1",How confident are you that this answer is at least approximately correct?,"On average, how good do you think these players are at the game?","What would you guess is the correct answer, if there is one? - 1",How confident are you that this answer is at least approximately correct?,"On average, how good do you think these players are at the game?","What would you guess is the correct answer, if there is one? - 1",How confident are you that this answer is at least approximately correct?,"On average, how good do you think these players are at the game?","What would you guess is the correct answer, if there is one? - 1",How confident are you that this answer is at least approximately correct?,"On average, how good do you think these players are at the game?","What would you guess is the correct answer, if there is one? - 1",How confident are you that this answer is at least approximately correct?,"On average, how good do you think these players are at the game?","What would you guess is the correct answer, if there is one? - 1",How confident are you that this answer is at least approximately correct?,"On average, how good do you think these players are at the game?","What would you guess is the correct answer, if there is one? - 1",How confident are you that this answer is at least approximately correct?,"On average, how good do you think these players are at the game?","What would you guess is the correct answer, if there is one? - 1",How confident are you that this answer is at least approximately correct?,"On average, how good do you think these players are at the game?","What would you guess is the correct answer, if there is one? - 1",How confident are you that this answer is at least approximately correct?,"On average, how good do you think these players are at the game?","Before finishing, please provide the following information. Once you are done with these questions, please do not forget to press the arrow to complete the survey and get your completion code.",What is your gender?,What is your age?,What is the highest level of education you have completed?,PROLIFIC_PID,counter
"{""ImportId"":""startDate"",""timeZone"":""Europe/Berlin""}","{""ImportId"":""endDate"",""timeZone"":""Europe/Berlin""}","{""ImportId"":""status""}","{""ImportId"":""ipAddress""}","{""ImportId"":""progress""}","{""ImportId"":""duration""}","{""ImportId"":""finished""}","{""ImportId"":""recordedDate"",""timeZone"":""Europe/Berlin""}","{""ImportId"":""_recordId""}","{""ImportId"":""recipientLastName""}","{""ImportId"":""recipientFirstName""}","{""ImportId"":""recipientEmail""}","{""ImportId"":""externalDataReference""}","{""ImportId"":""locationLatitude""}","{""ImportId"":""locationLongitude""}","{""ImportId"":""distributionChannel""}","{""ImportId"":""userLanguage""}","{""ImportId"":""QID1""}","{""ImportId"":""QID7_TEXT""}","{""ImportId"":""QID1494_4""}","{""ImportId"":""QID1485""}","{""ImportId"":""QID1486""}","{""ImportId"":""QID1509_1""}","{""ImportId"":""QID1510""}","{""ImportId"":""QID1511""}","{""ImportId"":""QID1496_1""}","{""ImportId"":""QID1497""}","{""ImportId"":""QID1498""}","{""ImportId"":""QID1513_1""}","{""ImportId"":""QID1514""}","{""ImportId"":""QID1515""}","{""ImportId"":""QID1500_1""}","{""ImportId"":""QID1501""}","{""ImportId"":""QID1502""}","{""ImportId"":""QID1517_1""}","{""ImportId"":""QID1518""}","{""ImportId"":""QID1519""}","{""ImportId"":""QID1504_1""}","{""ImportId"":""QID1505""}","{""ImportId"":""QID1506""}","{""ImportId"":""QID1521_1""}","{""ImportId"":""QID1522""}","{""ImportId"":""QID1523""}","{""ImportId"":""QID1532_1""}","{""ImportId"":""QID1533""}","{""ImportId"":""QID1534""}","{""ImportId"":""QID1544_1""}","{""ImportId"":""QID1545""}","{""ImportId"":""QID1546""}","{""ImportId"":""QID1548_1""}","{""ImportId"":""QID1549""}","{""ImportId"":""QID1550""}","{""ImportId"":""QID1552_1""}","{""ImportId"":""QID1553""}","{""ImportId"":""QID1554""}","{""ImportId"":""QID1556_1""}","{""ImportId"":""QID1557""}","{""ImportId"":""QID1558""}","{""ImportId"":""QID1560_1""}","{""ImportId"":""QID1561""}","{""ImportId"":""QID1562""}","{""ImportId"":""QID1564_1""}","{""ImportId"":""QID1565""}","{""ImportId"":""QID1566""}","{""ImportId"":""QID1568_1""}","{""ImportId"":""QID1569""}","{""ImportId"":""QID1570""}","{""ImportId"":""QID1576_1""}","{""ImportId"":""QID1577""}","{""ImportId"":""QID1578""}","{""ImportId"":""QID1592_1""}","{""ImportId"":""QID1593""}","{""ImportId"":""QID1594""}","{""ImportId"":""QID1580_1""}","{""ImportId"":""QID1581""}","{""ImportId"":""QID1582""}","{""ImportId"":""QID1596_1""}","{""ImportId"":""QID1597""}","{""ImportId"":""QID1598""}","{""ImportId"":""QID1584_1""}","{""ImportId"":""QID1585""}","{""ImportId"":""QID1586""}","{""ImportId"":""QID1600_1""}","{""ImportId"":""QID1601""}","{""ImportId"":""QID1602""}","{""ImportId"":""QID1588_1""}","{""ImportId"":""QID1589""}","{""ImportId"":""QID1590""}","{""ImportId"":""QID1604_1""}","{""ImportId"":""QID1605""}","{""ImportId"":""QID1606""}","{""ImportId"":""QID2""}","{""ImportId"":""QID3""}","{""ImportId"":""QID4_TEXT""}","{""ImportId"":""QID5""}","{""ImportId"":""PROLIFIC_PID""}","{""ImportId"":""counter""}"
2022-04-22 16:03:08,2022-04-22 16:06:05,0,86.143.121.115,100,176,1,2022-04-22 16:06:05,R_3fCMeprMtqT3Q9M,,,,,51.2796,-0.8337,anonymous,EN,1,I pay attention,,,,,,,,,,,,,,,,,,,,,,,,,,,,,,,,,,,,,,,,,,,,,,,,,1399,5,5,1736,4,5,1665,5,5,1554,3,3,1382,2,3,1630,1,2,1501,3,3,1332,1,1,,1,31,2,61673c4003922ad28160efdd,8
2022-04-22 16:05:03,2022-04-22 16:08:11,0,81.96.7.99,100,187,1,2022-04-22 16:08:11,R_2Cx36zKILU0vOJN,,,,,51.8053,-0.8086,anonymous,EN,1,I pay attention,,,,,,,,,,,,,,,,,,,,,,,,,1558,4,4,1380,4,4,1469,4,4,1352,4,4,1673,4,4,1601,4,4,1593,4,4,1759,4,4,,,,,,,,,,,,,,,,,,,,,,,,,,2,34,8,5ae7107c3b85e70001176dd4,8
2022-04-22 16:04:17,2022-04-22 16:08:33,0,82.69.125.235,100,256,1,2022-04-22 16:08:34,R_2rIamXUrECHX7tD,,,,,51.536,-0.0925,anonymous,EN,1,I pay attention,1576,2,5,1301,4,5,1647,3,5,1456,2,4,1330,2,3,1577,4,5,1326,2,4,1610,3,4,,,,,,,,,,,,,,,,,,,,,,,,,,,,,,,,,,,,,,,,,,,,,,,,,,2,24,5,5f14a3b0188dff519298a4c6,8
2022-04-22 16:05:58,2022-04-22 16:08:49,0,81.100.174.172,100,171,1,2022-04-22 16:08:50,R_2P7lArZUrWTEFu6,,,,,51.4828,-0.1371,anonymous,EN,1,I pay attention,,,,,,,,,,,,,,,,,,,,,,,,,,,,,,,,,,,,,,,,,,,,,,,,,1354,6,5,1675,5,5,1662,5,5,1518,5,4,1518,4,3,1601,4,4,1493,5,4,1308,2,3,,2,29,5,5d548c047795f80001bf611f,8
2022-04-22 16:05:47,2022-04-22 16:09:31,0,188.213.136.135,100,223,1,2022-04-22 16:09:31,R_9Kqufafx3kyeBix,,,,,51.509,-0.1882,anonymous,EN,1,"I pay attention ",1527,6,6,1310,5,5,1663,5,5,1430,5,5,1289,4,4,1604,5,2,1342,3,3,1641,4,3,,,,,,,,,,,,,,,,,,,,,,,,,,,,,,,,,,,,,,,,,,,,,,,,,,2,32,6,611107eaa48093e17e7e56d2,8
2022-04-22 16:06:22,2022-04-22 16:10:25,0,78.105.56.232,100,242,1,2022-04-22 16:10:25,R_6zlMPvsr11VkerL,,,,,50.7018,-3.5347,anonymous,EN,1,"I pay attention ",,,,,,,,,,,,,,,,,,,,,,,,,,,,,,,,,,,,,,,,,,,,,,,,,1360,3,3,1634,4,5,1640,3,5,1523,5,4,1549,4,4,1484,2,5,1514,4,4,1303,4,3,,1,33,3,5e15047894d5eeb157532e7f,8
2022-04-22 16:07:40,2022-04-22 16:10:28,0,51.241.63.13,100,168,1,2022-04-22 16:10:29,R_pxTGt8BNsHUyATf,,,,,51.3577,0.1291,anonymous,EN,1,I pay attention,,,,,,,,,,,,,,,,,,,,,,,,,,,,,,,,,,,,,,,,,,,,,,,,,1376,8,8,1690,8,6,1656,8,8,1517,6,5,1610,4,4,1607,4,5,1475,5,4,1413,3,5,,1,33,5,56e1bb4e6ce054000b3ffcaf,8
2022-04-22 16:07:00,2022-04-22 16:10:31,0,213.205.194.229,100,210,1,2022-04-22 16:10:31,R_uq9oXyolbSBMuMp,,,,,51.5042,-0.2199,anonymous,EN,1,"I pay attention ",1519,5,4,1235,6,3,1636,3,5,1387,4,4,1350,3,2,1628,5,5,1324,3,3,1510,5,5,,,,,,,,,,,,,,,,,,,,,,,,,,,,,,,,,,,,,,,,,,,,,,,,,,2,21,3,5becb1e76a75a100010b7f75,8
2022-04-22 16:06:35,2022-04-22 16:10:58,0,92.25.31.41,100,263,1,2022-04-22 16:10:59,R_aaC8xfc4JgWi8p3,,,,,50.9469,-1.4112,anonymous,EN,1,I pay attention,,,,,,,,,,,,,,,,,,,,,,,,,1556,5,5,1363,5,5,1489,5,4,1335,4,3,1517,4,5,1504,4,5,1152,1,3,1761,6,6,,,,,,,,,,,,,,,,,,,,,,,,,,1,66,3,5bbfa1a41ff4ba00011c330b,8
2022-04-22 16:06:47,2022-04-22 16:11:01,0,90.213.93.95,100,254,1,2022-04-22 16:11:01,R_1ISpbzDL8z080X1,,,,,53.5356,-2.952,anonymous,EN,1,I pay attention,,,,,,,,,,,,,,,,,,,,,,,,,1541,5,5,1364,5,5,1482,4,5,1320,6,6,1667,5,5,1462,4,4,1576,3,4,1768,4,5,,,,,,,,,,,,,,,,,,,,,,,,,,1,51,5,600a878fa6fbbf1ba60bea36,8
2022-04-22 16:05:30,2022-04-22 16:11:10,0,82.31.11.33,100,340,1,2022-04-22 16:11:11,R_2YWxFf8Ct63sBhB,,,,,53.0278,-2.1658,anonymous,EN,1,I pay attention,,,,,,,,,,,,,,,,,,,,,,,,,1523,5,5,1377,6,5,1494,3,4,1324,5,6,1587,3,3,1380,3,2,1648,2,1,1785,5,4,,,,,,,,,,,,,,,,,,,,,,,,,,1,53,6,614f9daff9b7bf1a0f4c4f9c,8
2022-04-22 16:08:34,2022-04-22 16:11:19,0,85.211.232.116,100,165,1,2022-04-22 16:11:20,R_3EmLOMyu29GPFrx,,,,,51.4964,-0.1224,anonymous,EN,1,i pay attention,1501,5,4,1294,5,4,1638,5,4,1401,5,4,1393,4,3,1635,3,3,1387,4,4,1506,2,3,,,,,,,,,,,,,,,,,,,,,,,,,,,,,,,,,,,,,,,,,,,,,,,,,,2,61,2,5953acc10dd7710001aec19e,8
2022-04-22 16:08:14,2022-04-22 16:11:33,0,90.194.30.45,100,198,1,2022-04-22 16:11:33,R_2s0ypwRByH8EG9X,,,,,53.4972,-1.1808,anonymous,EN,1,I pay attention,,,,,,,,,,,,,,,,,,,,,,,,,,,,,,,,,,,,,,,,,,,,,,,,,1410,1,3,1777,5,5,1507,3,4,1556,5,5,1506,5,4,1583,5,4,1498,1,4,1394,3,2,,2,52,3,5ea048ef3427cf06b692b9d4,8
2022-04-22 16:09:23,2022-04-22 16:12:02,0,82.132.218.25,100,159,1,2022-04-22 16:12:02,R_9H0T7OSvLjJVAgF,,,,,51.4964,-0.1224,anonymous,EN,1,"I pay attention ",,,,,,,,,,,,,,,,,,,,,,,,,,,,,,,,,,,,,,,,,,,,,,,,,1378,6,6,1662,8,6,1693,8,8,1564,5,5,1630,4,3,1659,4,2,1521,6,6,1132,2,2,,2,22,5,603acc04f7671274214e49b2,8
2022-04-22 16:09:53,2022-04-22 16:12:25,0,217.39.109.47,100,152,1,2022-04-22 16:12:26,R_1GJtlzgCswHvzva,,,,,55.4319,-4.6305,anonymous,EN,1,"i pay attention ",,,,,,,,,,,,,,,,,,,,,,,,,1663,4,4,1499,4,5,1469,5,4,1338,6,6,1606,4,5,1325,4,4,1594,4,5,1720,5,4,,,,,,,,,,,,,,,,,,,,,,,,,,1,39,3,5eb1614dfff7a624f18e62be,8
2022-04-22 16:09:13,2022-04-22 16:12:23,0,213.205.242.126,100,189,1,2022-04-22 16:12:27,R_PS9NwkcI9fcfiaB,,,,,52.4666,-1.9205,anonymous,EN,1,I pay attention,,,,,,,,,,,,,,,,,,,,,,,,,1562,6,8,1392,5,3,1506,5,5,1347,5,5,1690,5,4,1494,5,5,1663,2,4,1786,5,6,,,,,,,,,,,,,,,,,,,,,,,,,,2,49,2,5fe0f4a8e6b281af7dd9de1a,8
2022-04-22 16:07:02,2022-04-22 16:12:32,0,80.193.152.29,100,330,1,2022-04-22 16:12:33,R_2tyDFpxiNcdLcwz,,,,,52.3962,-1.9334,anonymous,EN,1,I PAY ATTENTION,1549,8,8,1338,8,6,1600,5,6,1425,3,4,1604,6,6,1537,8,8,1469,4,4,1394,8,3,,,,,,,,,,,,,,,,,,,,,,,,,,,,,,,,,,,,,,,,,,,,,,,,,,1,32,6,5f62521ef07ba314e1e297d6,8
2022-04-22 16:10:20,2022-04-22 16:13:05,0,88.98.242.70,100,164,1,2022-04-22 16:13:05,R_23gdj2B0DqQG6sl,,,,,53.4809,-2.2374,anonymous,EN,1,I pay attention,1524,5,6,1341,4,5,1632,5,6,1431,6,6,1337,3,3,1659,3,4,1346,3,3,1620,3,3,,,,,,,,,,,,,,,,,,,,,,,,,,,,,,,,,,,,,,,,,,,,,,,,,,2,25,6,5e32f669641109012e2a0531,8
2022-04-22 16:07:34,2022-04-22 16:13:36,0,82.20.172.223,100,361,1,2022-04-22 16:13:36,R_1rlEIaFZU1iZUVD,,,,,53.3933,-2.1336,anonymous,EN,1,I pay attention,,,,,,,,,,,,,,,,,,,,,,,,,1510,5,5,1370,6,6,1490,5,5,1339,6,6,1530,4,4,1270,4,5,1651,4,3,1770,4,4,,,,,,,,,,,,,,,,,,,,,,,,,,1,45,5,5cdef91bf4acd700153ac9db,8
2022-04-22 16:09:09,2022-04-22 16:13:42,0,82.25.155.194,100,273,1,2022-04-22 16:13:43,R_10JGFzbzSB51HNq,,,,,54.9671,-1.7151,anonymous,EN,1,I pay attention,1527,2,4,1266,3,4,1630,4,4,1415,2,3,1221,2,3,1544,3,2,1309,2,4,1544,1,2,,,,,,,,,,,,,,,,,,,,,,,,,,,,,,,,,,,,,,,,,,,,,,,,,,2,26,5,5fe1f5f751f3a9ceb57d935a,8
2022-04-22 16:08:31,2022-04-22 16:14:00,0,176.248.145.212,100,328,1,2022-04-22 16:14:00,R_3IatpNWVpEyC3Sx,,,,,51.5064,-0.02,anonymous,EN,1,I pay attention,1514,6,8,1300,5,8,1630,6,8,1417,6,6,1320,5,4,1700,5,4,1370,4,5,1628,5,5,,,,,,,,,,,,,,,,,,,,,,,,,,,,,,,,,,,,,,,,,,,,,,,,,,1,34,1,5a238241a7788f000144aca2,8
2022-04-22 16:12:22,2022-04-22 16:14:28,0,165.225.197.28,100,126,1,2022-04-22 16:14:29,R_2BsLGRcGfGUQesS,,,,,53.4734,-2.3142,anonymous,EN,1,I pay attention,1521,4,4,1300,4,6,1628,4,5,1413,4,5,1354,2,2,1614,1,1,1370,1,1,1592,1,1,,,,,,,,,,,,,,,,,,,,,,,,,,,,,,,,,,,,,,,,,,,,,,,,,,1,35,5,5958dfbc8c7f1a00013bd0b9,8
2022-04-22 16:11:33,2022-04-22 16:14:28,0,82.23.44.238,100,175,1,2022-04-22 16:14:29,R_2YrZq9p3u4osKNa,,,,,52.4778,-0.708,anonymous,EN,1,I pay attention,,,,,,,,,,,,,,,,,,,,,,,,,,,,,,,,,,,,,,,,,,,,,,,,,1393,5,5,1696,5,5,1677,4,4,1535,3,4,1358,5,4,1683,3,2,1489,4,3,1342,3,2,,2,23,5,5ec3eabec8f93307a60c5d1b,8
2022-04-22 16:12:15,2022-04-22 16:15:16,0,137.220.85.84,100,180,1,2022-04-22 16:15:16,R_aaV5Hf3ztnwqARb,,,,,51.5175,-0.089,anonymous,EN,1,I pay attention,,,,,,,,,,,,,,,,,,,,,,,,,,,,,,,,,,,,,,,,,,,,,,,,,1500,5,2,1499,5,2,1499,5,2,1500,5,5,1506,5,4,1499,5,1,1500,5,5,1500,5,3,,2,21,3,5e53f975e61d06022f73e241,8
2022-04-22 16:09:23,2022-04-22 16:15:27,0,88.106.159.181,100,363,1,2022-04-22 16:15:27,R_3KUYr87I8o0ki9I,,,,,51.6011,-3.2744,anonymous,EN,1,"I pay attention ",,,,,,,,,,,,,,,,,,,,,,,,,,,,,,,,,,,,,,,,,,,,,,,,,1375,5,4,1701,5,5,1681,4,4,1535,3,3,1540,3,2,1623,4,3,1465,3,3,1340,2,2,,1,69,2,5ea133c68d67911401c2ea57,8
2022-04-22 16:11:45,2022-04-22 16:15:39,0,195.188.184.134,100,234,1,2022-04-22 16:15:40,R_3JrfR2Gg5DusSb7,,,,,55.9335,-3.254,anonymous,EN,1,I pay attention,1542,6,5,1327,3,3,1628,2,5,1425,3,4,1373,4,3,1654,3,5,1411,2,3,1573,2,4,,,,,,,,,,,,,,,,,,,,,,,,,,,,,,,,,,,,,,,,,,,,,,,,,,1,59,6,5680452cc5767f00121cc81a,8
2022-04-22 16:12:53,2022-04-22 16:15:43,0,86.184.171.230,100,170,1,2022-04-22 16:15:43,R_3QEooSg3IXB2poI,,,,,52.1811,-2.8001,anonymous,EN,1,I pay attention,,,,,,,,,,,,,,,,,,,,,,,,,1557,5,4,1379,6,6,1475,5,6,1327,6,5,1671,2,3,1479,2,3,1693,3,4,1790,3,8,,,,,,,,,,,,,,,,,,,,,,,,,,2,28,5,5c865d87d6a29e00172eefb4,8
2022-04-22 16:12:43,2022-04-22 16:15:59,0,2.26.159.249,100,196,1,2022-04-22 16:15:59,R_2wyOSniPXa1N83Q,,,,,52.345,0.9996,anonymous,EN,1,"I pay attention ",1519,5,5,1342,3,5,1655,2,5,1387,2,4,1255,2,3,1755,1,2,1335,2,2,1506,1,1,,,,,,,,,,,,,,,,,,,,,,,,,,,,,,,,,,,,,,,,,,,,,,,,,,2,28,2,5f0f4a855137200d21e1befe,8
2022-04-22 16:09:36,2022-04-22 16:16:11,0,84.66.105.21,100,394,1,2022-04-22 16:16:11,R_1rj3NxKXZbLADho,,,,,52.4778,-1.9326,anonymous,EN,1,"I pay attention ",,,,,,,,,,,,,,,,,,,,,,,,,,,,,,,,,,,,,,,,,,,,,,,,,1407,2,3,1661,2,6,1599,2,5,1551,1,5,1506,3,3,1599,2,6,1451,2,5,1300,2,1,,2,26,5,6140e3be2e0c5456ad63dbdd,8
2022-04-22 16:13:37,2022-04-22 16:16:14,0,81.99.201.252,100,156,1,2022-04-22 16:16:14,R_1C16sgRpI5JdaYP,,,,,51.4643,-0.0119,anonymous,EN,1,I pay attention,1508,3,6,1323,2,4,1632,3,5,1415,2,5,1344,2,3,1656,2,2,1413,1,4,1634,2,2,,,,,,,,,,,,,,,,,,,,,,,,,,,,,,,,,,,,,,,,,,,,,,,,,,2,54,5,5978c32bcae3340001134a46,8
2022-04-22 16:10:29,2022-04-22 16:16:16,0,86.161.166.91,100,346,1,2022-04-22 16:16:16,R_2DMvdcXwseRWfOQ,,,,,53.9275,-3.0053,anonymous,EN,1,I pay attention,,,,,,,,,,,,,,,,,,,,,,,,,1529,2,4,1381,1,2,1475,2,3,1341,3,2,1523,2,5,1503,2,3,1682,1,4,1770,2,6,,,,,,,,,,,,,,,,,,,,,,,,,,1,58,5,5e59982929132107a864c783,8
2022-04-22 16:10:33,2022-04-22 16:16:18,0,82.7.47.102,100,345,1,2022-04-22 16:16:18,R_2zBJHi9WS4wauxS,,,,,51.4098,-0.0249,anonymous,EN,1,I pay attention.,,,,,,,,,,,,,,,,,,,,,,,,,1506,6,5,1382,4,5,1469,4,5,1338,5,6,1538,2,2,1285,3,2,1758,2,3,1772,4,5,,,,,,,,,,,,,,,,,,,,,,,,,,2,18,3,60bd0b154d2a4347a66b551e,8
2022-04-22 16:13:58,2022-04-22 16:16:29,0,82.26.151.248,100,150,1,2022-04-22 16:16:29,R_bauxBPWyFcLBjb3,,,,,51.3537,0.5287,anonymous,EN,1,I pay attention,1523,5,4,1314,5,3,1618,4,4,1427,3,2,1382,4,2,1563,4,3,1385,2,1,1617,3,1,,,,,,,,,,,,,,,,,,,,,,,,,,,,,,,,,,,,,,,,,,,,,,,,,,2,27,2,60fd0fdd7e3e57ca7d5182f1,8
2022-04-22 16:13:01,2022-04-22 16:16:33,0,213.205.194.240,100,212,1,2022-04-22 16:16:34,R_3FJqjfnXgS9lznP,,,,,51.5042,-0.2199,anonymous,EN,1,"I pay attention ",,,,,,,,,,,,,,,,,,,,,,,,,1565,6,5,1355,8,6,1471,5,5,1313,8,6,1706,3,3,1503,4,3,1665,4,2,1768,6,5,,,,,,,,,,,,,,,,,,,,,,,,,,1,25,5,5f60abca7aa062068858abaf,8
2022-04-22 16:12:48,2022-04-22 16:16:39,0,86.183.28.106,100,231,1,2022-04-22 16:16:39,R_27TjmBxaoPLn4F2,,,,,52.0701,-2.6295,anonymous,EN,1,"I pay attention. ",,,,,,,,,,,,,,,,,,,,,,,,,,,,,,,,,,,,,,,,,,,,,,,,,1658,1,1,1662,1,1,1346,1,1,1366,1,1,1139,1,1,1835,2,1,1348,1,2,1728,1,1,,2,26,5,5ecc2a43543cc180222321d3,8
2022-04-22 16:13:03,2022-04-22 16:17:15,0,86.174.159.81,100,252,1,2022-04-22 16:17:16,R_Ombx7ixmpo9VysF,,,,,52.745,-2.7536,anonymous,EN,1,I pay attention,,,,,,,,,,,,,,,,,,,,,,,,,,,,,,,,,,,,,,,,,,,,,,,,,1376,5,8,1689,5,6,1665,6,8,1506,4,5,1477,3,5,1627,3,3,1490,6,6,1317,4,3,,1,51,2,5a7094c4f660ae0001a98bd5,8
2022-04-22 16:13:27,2022-04-22 16:17:17,0,148.252.132.85,100,230,1,2022-04-22 16:17:18,R_1OVSa60hrUfDGKc,,,,,55.9552,-3.2,anonymous,EN,1,I pay attention,,,,,,,,,,,,,,,,,,,,,,,,,1549,5,5,1375,5,5,1431,4,4,1346,5,5,1582,3,3,1594,4,4,1720,3,3,1816,4,4,,,,,,,,,,,,,,,,,,,,,,,,,,1,24,5,614ef5b48e102069659031ba,8
2022-04-22 16:14:59,2022-04-22 16:17:41,0,94.0.135.156,100,162,1,2022-04-22 16:17:42,R_1E6z8CBaaSc2bN3,,,,,53.5528,-2.6252,anonymous,EN,1,I pay attention,,,,,,,,,,,,,,,,,,,,,,,,,1507,2,2,1361,2,2,1468,2,2,1324,2,2,1607,2,2,1476,2,2,1680,2,2,1756,2,2,,,,,,,,,,,,,,,,,,,,,,,,,,1,30,3,5d5357e0b45aff0001980d13,8
2022-04-22 16:14:42,2022-04-22 16:17:52,0,79.79.145.242,100,190,1,2022-04-22 16:17:53,R_26bwZ8CsAElQT6X,,,,,51.4535,-2.5917,anonymous,EN,1,"I pay attention ",,,,,,,,,,,,,,,,,,,,,,,,,,,,,,,,,,,,,,,,,,,,,,,,,1396,5,6,1720,5,6,1680,5,5,1517,5,5,1615,5,5,1606,4,3,1490,5,4,1315,3,4,,1,58,2,5db92f4d8e9761000d7d7a8b,8
2022-04-22 16:14:47,2022-04-22 16:18:29,0,92.6.59.123,100,222,1,2022-04-22 16:18:30,R_afqtjIwKf2czZe1,,,,,50.7851,-1.0389,anonymous,EN,1,I pay attention,,,,,,,,,,,,,,,,,,,,,,,,,,,,,,,,,,,,,,,,,,,,,,,,,1400,5,4,1710,6,8,1697,6,6,1581,5,5,1552,5,6,1658,5,6,1442,5,5,1355,5,4,,2,30,6,5d4934304c12d50015ec3e1f,8
2022-04-22 16:14:30,2022-04-22 16:18:44,0,5.69.237.29,100,254,1,2022-04-22 16:18:44,R_3harHighvME14Z0,,,,,51.4425,-0.9267,anonymous,EN,1,"I pay attention ",1532,5,5,1294,4,4,1668,4,4,1416,4,5,1306,2,2,1613,3,3,1397,3,3,1626,2,3,,,,,,,,,,,,,,,,,,,,,,,,,,,,,,,,,,,,,,,,,,,,,,,,,,2,26,5,5b846cdbcecee70001351e21,8
2022-04-22 16:16:32,2022-04-22 16:19:09,0,86.137.7.148,100,156,1,2022-04-22 16:19:10,R_1LjxT6RHg71HMq9,,,,,51.2133,1.3881,anonymous,EN,1,I pay attention,,,,,,,,,,,,,,,,,,,,,,,,,1510,6,5,1410,5,5,1493,5,4,1341,6,6,1596,2,2,1622,3,3,1619,1,3,1785,4,4,,,,,,,,,,,,,,,,,,,,,,,,,,2,29,3,591c58daa940aa0001f1bd8f,8
2022-04-22 16:15:37,2022-04-22 16:19:26,0,86.128.149.142,100,228,1,2022-04-22 16:19:26,R_2ZJIzqnOe8k05pU,,,,,52.2316,-2.773,anonymous,EN,1,I pay attention,,,,,,,,,,,,,,,,,,,,,,,,,,,,,,,,,,,,,,,,,,,,,,,,,1383,5,5,1707,4,4,1663,4,4,1515,4,4,1631,4,4,1673,4,4,1490,4,4,1430,4,4,,2,65,5,5c472ac67379d8000112983d,8
2022-04-22 16:13:38,2022-04-22 16:19:35,0,5.66.117.182,100,356,1,2022-04-22 16:19:35,R_1gefpNsGVpGPZ8U,,,,,51.2105,-1.5001,anonymous,EN,1,"I pay attention ",,,,,,,,,,,,,,,,,,,,,,,,,1500,6,6,1384,6,6,1490,3,4,1313,8,8,1526,1,1,1471,1,1,1665,1,1,1755,5,5,,,,,,,,,,,,,,,,,,,,,,,,,,2,36,2,5e550321537ed2000b1e5ad2,8
2022-04-22 16:16:34,2022-04-22 16:19:57,0,2.101.77.1,100,202,1,2022-04-22 16:19:57,R_9Gi9yvDHSe3uyD7,,,,,51.4623,-2.5502,anonymous,EN,1,I pay attention,,,,,,,,,,,,,,,,,,,,,,,,,,,,,,,,,,,,,,,,,,,,,,,,,1356,2,4,1696,2,3,1659,2,4,1524,2,3,1511,1,3,1607,1,2,1507,2,4,1394,1,3,,2,59,5,56a7da16c89737000b22953c,8
2022-04-22 16:13:38,2022-04-22 16:20:01,0,86.156.8.149,100,383,1,2022-04-22 16:20:01,R_1f3HdeazK2iZ1il,,,,,53.0632,-0.7842,anonymous,EN,1,I pay attention,,,,,,,,,,,,,,,,,,,,,,,,,,,,,,,,,,,,,,,,,,,,,,,,,1365,5,5,1641,5,6,1656,6,6,1511,5,5,1523,4,3,1618,4,4,1500,3,5,1345,4,3,,2,59,2,5ce43a70aade7100152e6e77,8
2022-04-22 16:17:08,2022-04-22 16:20:01,0,5.151.186.228,100,173,1,2022-04-22 16:20:02,R_27qzbYGk9lFph0R,,,,,52.4064,-1.5082,anonymous,EN,1,I pay attention,1538,6,6,1287,5,6,1624,6,6,1417,5,5,1334,3,3,1582,4,4,1297,3,3,1693,2,2,,,,,,,,,,,,,,,,,,,,,,,,,,,,,,,,,,,,,,,,,,,,,,,,,,2,19,4,5f1c62b6554a0f4f129c75fd,8
2022-04-22 16:15:29,2022-04-22 16:20:03,0,86.188.23.16,100,274,1,2022-04-22 16:20:04,R_2q91RQnsXKRutlM,,,,,54.9935,-2.1189,anonymous,EN,1,I pay attention,1515,3,4,1283,4,4,1623,3,4,1420,3,4,1272,2,4,1587,2,4,1338,1,4,1611,1,4,,,,,,,,,,,,,,,,,,,,,,,,,,,,,,,,,,,,,,,,,,,,,,,,,,2,33,2,5784d25070c76a00012427e0,8
2022-04-22 16:17:39,2022-04-22 16:20:05,0,2.24.51.41,100,146,1,2022-04-22 16:20:06,R_3NWmcvnkZWEvd0c,,,,,50.8058,-0.3898,anonymous,EN,1,I pay attention,,,,,,,,,,,,,,,,,,,,,,,,,1493,4,4,1363,5,5,1507,5,4,1331,6,5,1589,5,4,1282,3,4,1617,2,3,1754,5,4,,,,,,,,,,,,,,,,,,,,,,,,,,2,31,5,60b7f102c27f0b693919fc98,8
2022-04-22 16:13:49,2022-04-22 16:20:14,0,82.132.218.97,100,385,1,2022-04-22 16:20:15,R_3NEAVfax6RSX2oF,,,,,51.4964,-0.1224,anonymous,EN,1,"I pay attention ",,,,,,,,,,,,,,,,,,,,,,,,,1523,2,4,1351,2,4,1451,2,4,1311,2,4,1555,2,4,1501,3,4,1687,2,4,1747,2,4,,,,,,,,,,,,,,,,,,,,,,,,,,2,33,2,5d78cb8a44b0d10001a53485,8
2022-04-22 16:17:07,2022-04-22 16:20:18,0,81.151.157.48,100,190,1,2022-04-22 16:20:18,R_1q3DhKpVwZI4ueh,,,,,51.394,-2.3227,anonymous,EN,1,I pay attention,,,,,,,,,,,,,,,,,,,,,,,,,,,,,,,,,,,,,,,,,,,,,,,,,1375,4,4,1692,4,4,1665,5,4,1518,2,4,1500,1,4,1592,2,4,1480,3,4,1354,2,4,,2,47,5,5f562fc05e6f8a000965cbd5,8
2022-04-22 16:17:23,2022-04-22 16:20:20,0,92.40.197.126,100,176,1,2022-04-22 16:20:21,R_eD8bRNb5xLwIzTz,,,,,51.4964,-0.1224,anonymous,EN,1,"I pay attention ",,,,,,,,,,,,,,,,,,,,,,,,,,,,,,,,,,,,,,,,,,,,,,,,,1375,3,4,1728,3,4,1659,4,4,1559,2,2,1390,2,3,1602,2,3,1467,2,2,1381,1,2,,2,29,5,5e072bb71d6b460b5e6eae99,8
2022-04-22 16:14:28,2022-04-22 16:20:23,0,62.64.189.217,100,354,1,2022-04-22 16:20:23,R_3rMTfveNVkc8SvW,,,,,52.5127,-1.3413,anonymous,EN,1,I pay attention,,,,,,,,,,,,,,,,,,,,,,,,,1548,6,6,1382,4,4,1475,6,5,1307,3,8,1634,3,3,1670,5,5,1752,4,3,1825,6,5,,,,,,,,,,,,,,,,,,,,,,,,,,2,25,2,5fc8f86079e4a6306ef1616e,8
2022-04-22 16:17:40,2022-04-22 16:20:23,0,77.96.230.6,100,162,1,2022-04-22 16:20:23,R_2U60uHmAjXC1VNc,,,,,56.1947,-3.0115,anonymous,EN,1,"I pay attention ",,,,,,,,,,,,,,,,,,,,,,,,,1592,4,5,1377,4,5,1435,2,2,1364,4,5,1617,2,4,1351,2,3,1630,2,4,1744,3,5,,,,,,,,,,,,,,,,,,,,,,,,,,2,25,6,5f751715d7804519031aa4f2,8
2022-04-22 16:17:35,2022-04-22 16:20:27,0,92.40.199.24,100,172,1,2022-04-22 16:20:27,R_10OU2OAK3ssB8lc,,,,,51.4964,-0.1224,anonymous,EN,1,I pay attention,,,,,,,,,,,,,,,,,,,,,,,,,,,,,,,,,,,,,,,,,,,,,,,,,1281,4,2,1751,8,8,1601,8,4,1500,6,8,1505,4,4,1598,4,5,1440,8,8,1296,3,4,,1,23,3,5cf9c2d6dfcf0a0015e8e213,8
2022-04-22 16:16:49,2022-04-22 16:20:41,0,147.188.245.206,100,231,1,2022-04-22 16:20:41,R_2xFuuJuBfxlzH5P,,,,,52.4425,-1.9442,anonymous,EN,1,I pay attention,,,,,,,,,,,,,,,,,,,,,,,,,1524,5,5,1376,5,5,1468,5,4,1330,6,6,1621,3,4,1287,5,5,1583,5,5,1761,4,4,,,,,,,,,,,,,,,,,,,,,,,,,,2,19,3,5eb4841544c2df2f0190e8a0,8
2022-04-22 16:15:44,2022-04-22 16:20:48,0,80.192.66.207,100,304,1,2022-04-22 16:20:48,R_2z8v4Fw30wDHNfR,,,,,51.4895,-2.509,anonymous,EN,1,I pay attention,,,,,,,,,,,,,,,,,,,,,,,,,,,,,,,,,,,,,,,,,,,,,,,,,1377,6,5,1725,6,5,1677,6,6,1539,5,5,1551,5,4,1630,4,3,1493,6,4,1363,4,3,,2,46,3,5e285f486167be038c5c0a49,8
2022-04-22 16:15:09,2022-04-22 16:20:51,0,31.53.60.237,100,342,1,2022-04-22 16:20:52,R_OpPGUZP53Xsbw77,,,,,51.3503,-0.2014,anonymous,EN,1,"I pay attention ",1556,3,4,1327,1,2,1662,2,5,1413,2,3,1415,1,2,1676,1,3,1312,1,2,1645,1,4,,,,,,,,,,,,,,,,,,,,,,,,,,,,,,,,,,,,,,,,,,,,,,,,,,2,61,2,6125067aa09e6b144c8ec8b6,8
2022-04-22 16:17:05,2022-04-22 16:21:03,0,78.144.42.144,100,237,1,2022-04-22 16:21:03,R_3hAcx8AXOGTUnRK,,,,,53.5039,-2.1959,anonymous,EN,1,I pay attention,1545,6,6,1314,5,5,1628,6,5,1403,4,4,1320,5,5,1751,6,5,1378,4,4,1634,3,3,,,,,,,,,,,,,,,,,,,,,,,,,,,,,,,,,,,,,,,,,,,,,,,,,,2,32,4,5e23175dd84c1b5ca13b1cd0,8
2022-04-22 16:15:39,2022-04-22 16:21:05,0,87.115.109.143,100,326,1,2022-04-22 16:21:06,R_pAYq4lP2ATApQ4x,,,,,51.0686,-4.0203,anonymous,EN,1,I pay attention,1534,5,5,1335,6,2,1649,6,5,1428,4,3,1355,4,3,1724,4,5,1500,4,4,1725,4,5,,,,,,,,,,,,,,,,,,,,,,,,,,,,,,,,,,,,,,,,,,,,,,,,,,2,66,2,5f57fd0328b04b3489d452e9,8
2022-04-22 16:16:24,2022-04-22 16:21:12,0,86.4.144.132,100,287,1,2022-04-22 16:21:13,R_2pLSGxeVQErNzBy,,,,,51.4638,0.1434,anonymous,EN,1,I pay attention,1530,8,8,1324,6,6,1642,1,4,1421,1,4,1293,5,3,1562,3,4,1321,1,1,1610,1,1,,,,,,,,,,,,,,,,,,,,,,,,,,,,,,,,,,,,,,,,,,,,,,,,,,2,21,2,5eff26cb359bc645ec530cbb,8
2022-04-22 16:18:10,2022-04-22 16:21:17,0,194.80.232.68,100,187,1,2022-04-22 16:21:17,R_3UGdn51Xc2gEBkl,,,,,53.7945,-1.5524,anonymous,EN,1,I pay attention,,,,,,,,,,,,,,,,,,,,,,,,,,,,,,,,,,,,,,,,,,,,,,,,,1387,8,8,1687,8,6,1668,8,8,1527,5,6,1623,4,5,1670,5,5,1485,5,5,1345,3,3,,2,19,2,6106919acfdc82263f1297d9,8
2022-04-22 16:18:07,2022-04-22 16:21:32,0,84.71.193.28,100,204,1,2022-04-22 16:21:32,R_1OjLs7bvFIkFk9H,,,,,51.3688,-0.4853,anonymous,EN,1,I pay attention,,,,,,,,,,,,,,,,,,,,,,,,,,,,,,,,,,,,,,,,,,,,,,,,,1389,4,3,1714,5,4,1677,5,5,1532,4,5,1348,4,4,1618,4,5,1486,3,4,1379,4,4,,2,25,6,5f7b18a04caba9049fd3283a,8
2022-04-22 16:18:26,2022-04-22 16:21:34,0,77.99.91.54,100,187,1,2022-04-22 16:21:34,R_tPOI7W42QnPKVfr,,,,,56.4767,-2.8579,anonymous,EN,1,"I pay attention ",1552,6,6,1365,4,6,1658,2,4,1413,2,3,1403,4,3,1600,2,3,1323,5,5,1500,2,1,,,,,,,,,,,,,,,,,,,,,,,,,,,,,,,,,,,,,,,,,,,,,,,,,,2,40,3,59bad6a60ac77f0001f05254,8
2022-04-22 16:17:18,2022-04-22 16:21:34,0,62.30.72.144,100,256,1,2022-04-22 16:21:34,R_1BUS19ZufZlxMVs,,,,,51.6144,-0.3368,anonymous,EN,1,I pay attention,,,,,,,,,,,,,,,,,,,,,,,,,,,,,,,,,,,,,,,,,,,,,,,,,1389,6,6,1700,6,6,1676,6,6,1521,5,5,1472,3,4,1610,2,3,1507,3,5,1248,1,3,,2,64,5,56864f2f333cbd000c4e4db6,8
2022-04-22 16:19:53,2022-04-22 16:21:40,0,87.114.31.32,100,106,1,2022-04-22 16:21:40,R_e3t391Ot9QaSegV,,,,,51.4535,-2.5917,anonymous,EN,1,I pay attention,,,,,,,,,,,,,,,,,,,,,,,,,,,,,,,,,,,,,,,,,,,,,,,,,1368,3,4,1686,4,4,1663,3,4,1517,3,4,1463,1,4,1627,1,4,1449,3,4,1370,1,4,,1,23,5,5b92bd88f2ac7e0001d8a45f,8
2022-04-22 16:17:28,2022-04-22 16:21:48,0,82.43.242.73,100,260,1,2022-04-22 16:21:49,R_3KHqfEOXR3fhPFB,,,,,55.9552,-3.2,anonymous,EN,1,I pay attention,,,,,,,,,,,,,,,,,,,,,,,,,,,,,,,,,,,,,,,,,,,,,,,,,1392,5,4,1694,4,4,1672,5,4,1518,5,5,1489,3,5,1614,4,4,1513,5,5,1331,3,3,,2,19,2,61670802a36d216563a5bd60,8
2022-04-22 16:19:14,2022-04-22 16:21:50,0,87.114.54.216,100,155,1,2022-04-22 16:21:50,R_3QR7NWHfN2vYLKm,,,,,52.3384,-3.9689,anonymous,EN,1,"I pay attention ",,,,,,,,,,,,,,,,,,,,,,,,,,,,,,,,,,,,,,,,,,,,,,,,,1343,8,8,1711,6,5,1605,6,6,1527,6,6,1511,6,6,1589,6,5,1478,6,6,1399,8,6,,1,39,5,5c61598fb40f380001109ca5,8
2022-04-22 16:18:45,2022-04-22 16:21:54,0,86.5.214.38,100,188,1,2022-04-22 16:21:55,R_1DASEeIj5tqc6Tv,,,,,53.4507,-2.3186,anonymous,EN,1,I pay attention,,,,,,,,,,,,,,,,,,,,,,,,,1537,6,6,1352,6,6,1477,5,5,1324,6,6,1532,5,4,1455,5,5,1655,3,3,1755,5,5,,,,,,,,,,,,,,,,,,,,,,,,,,2,29,6,5cc4509c2daae1001987e95b,8
2022-04-22 16:18:47,2022-04-22 16:22:05,0,62.254.110.97,100,197,1,2022-04-22 16:22:05,R_31zsslPJ5shblnY,,,,,55.9116,-4.3739,anonymous,EN,1,I pay attention,1901,4,5,1004,5,6,1637,5,6,1010,5,4,1737,5,3,1689,5,5,1754,5,4,2000,5,5,,,,,,,,,,,,,,,,,,,,,,,,,,,,,,,,,,,,,,,,,,,,,,,,,,2,30,3,610d44c612fa08637162fbd0,8
2022-04-22 16:18:04,2022-04-22 16:22:06,0,213.205.197.247,100,242,1,2022-04-22 16:22:06,R_0fDsoLPpQi6wNpf,,,,,51.5212,-0.2197,anonymous,EN,1,I pay attention,,,,,,,,,,,,,,,,,,,,,,,,,1508,6,5,1377,6,8,1463,4,4,1337,8,8,1517,4,5,1514,4,4,1656,2,3,1769,4,5,,,,,,,,,,,,,,,,,,,,,,,,,,1,28,5,6058d2405f4008ae73478bd5,8
2022-04-22 16:19:43,2022-04-22 16:22:07,0,86.7.176.149,100,144,1,2022-04-22 16:22:08,R_6ormaE5k8M16Kkh,,,,,50.9051,-1.3655,anonymous,EN,1,"I pay attention ",1529,5,5,1304,3,5,1654,2,2,1433,2,3,1381,3,3,1693,1,1,1391,2,2,1616,1,1,,,,,,,,,,,,,,,,,,,,,,,,,,,,,,,,,,,,,,,,,,,,,,,,,,2,31,6,5e19b6135bcd432316ad611d,8
2022-04-22 16:16:06,2022-04-22 16:22:08,0,86.6.194.100,100,361,1,2022-04-22 16:22:08,R_3JyhMwuP0SWe1b9,,,,,53.4067,-2.5637,anonymous,EN,1,I pay attention,,,,,,,,,,,,,,,,,,,,,,,,,1500,5,5,1500,5,3,1500,5,5,1500,5,3,1500,5,3,1500,5,5,1500,5,4,1500,5,3,,,,,,,,,,,,,,,,,,,,,,,,,,2,53,4,611f6757f935f97babc092c5,8
2022-04-22 16:19:51,2022-04-22 16:22:09,0,94.15.27.77,100,137,1,2022-04-22 16:22:09,R_23ZR8CJrDOYUPpf,,,,,51.3157,-0.535,anonymous,EN,1,I pay attention,,,,,,,,,,,,,,,,,,,,,,,,,,,,,,,,,,,,,,,,,,,,,,,,,1363,6,6,1687,6,5,1654,6,6,1523,6,5,1515,3,3,1621,5,3,1480,5,5,1375,3,3,,1,29,5,592a232ed13ea60001553e51,8
2022-04-22 16:18:13,2022-04-22 16:22:09,0,86.14.177.207,100,235,1,2022-04-22 16:22:09,R_2YrnBiz0EuLh1YN,,,,,51.4003,0.5291,anonymous,EN,1,I pay attention,,,,,,,,,,,,,,,,,,,,,,,,,1530,5,5,1369,6,6,1452,5,5,1334,8,6,1562,3,2,1500,4,4,1694,2,1,1772,4,5,,,,,,,,,,,,,,,,,,,,,,,,,,2,29,5,5c2e5db32c45d400014a9b4e,8
2022-04-22 16:19:13,2022-04-22 16:22:16,0,131.251.253.20,100,183,1,2022-04-22 16:22:17,R_24Oxu6fa3iMnuA1,,,,,51.4866,-3.1549,anonymous,EN,1,I pay attention,,,,,,,,,,,,,,,,,,,,,,,,,,,,,,,,,,,,,,,,,,,,,,,,,1377,6,3,1700,6,4,1675,5,5,1538,5,4,1544,5,3,1630,5,4,1479,6,4,1342,4,3,,2,30,6,5b74960f218c0f000107d480,8
2022-04-22 16:17:49,2022-04-22 16:22:24,0,147.12.251.234,100,275,1,2022-04-22 16:22:25,R_Aukxebo2Iib3KH7,,,,,51.4863,-0.101,anonymous,EN,1,I pay attention,1538,5,5,1300,5,6,1641,3,4,1430,3,3,1249,3,3,1600,2,3,1400,1,3,1621,1,3,,,,,,,,,,,,,,,,,,,,,,,,,,,,,,,,,,,,,,,,,,,,,,,,,,2,37,8,6060dcaf19b714b145f5a5f3,8
2022-04-22 16:19:25,2022-04-22 16:22:26,0,94.174.110.211,100,180,1,2022-04-22 16:22:26,R_32L84RnTkbS7jxB,,,,,53.3972,-2.897,anonymous,EN,1,I pay attention,,,,,,,,,,,,,,,,,,,,,,,,,,,,,,,,,,,,,,,,,,,,,,,,,1370,5,3,1704,5,5,1659,6,6,1507,5,5,1501,4,4,1617,4,5,1489,5,4,1370,3,4,,2,42,5,614721cb6d8ce56e9e7aff9d,8
2022-04-22 16:19:17,2022-04-22 16:22:32,0,91.135.0.52,100,194,1,2022-04-22 16:22:32,R_28GVkz1sUwDdG7A,,,,,51.4964,-0.1224,anonymous,EN,1,I pay attention,,,,,,,,,,,,,,,,,,,,,,,,,1504,5,6,1377,6,6,1475,4,5,1332,8,8,1549,4,3,1289,6,3,1690,2,4,1770,5,5,,,,,,,,,,,,,,,,,,,,,,,,,,2,46,5,5c9b534b519f7500182be9b7,8
2022-04-22 16:18:34,2022-04-22 16:22:35,0,86.8.120.152,100,241,1,2022-04-22 16:22:36,R_25Hs2A9WRaNfgYl,,,,,53.4595,-2.9538,anonymous,EN,1,I pay attention,1452,3,3,1235,3,4,1500,3,4,1403,4,5,1351,3,3,1562,4,3,1248,3,4,1500,3,3,,,,,,,,,,,,,,,,,,,,,,,,,,,,,,,,,,,,,,,,,,,,,,,,,,2,60,3,54847094fdf99b0379939c8e,8
2022-04-22 16:18:43,2022-04-22 16:22:38,0,95.150.100.58,100,234,1,2022-04-22 16:22:39,R_2dAYb19BbVz9ONi,,,,,50.7554,-1.5666,anonymous,EN,1,I pay attention,,,,,,,,,,,,,,,,,,,,,,,,,1557,3,4,1434,2,3,1518,2,2,1336,3,5,1613,2,3,1503,2,2,1614,1,2,1746,2,3,,,,,,,,,,,,,,,,,,,,,,,,,,2,68,2,5f088147510abc0947ad09cb,8
2022-04-22 16:18:39,2022-04-22 16:22:42,0,31.53.249.219,100,243,1,2022-04-22 16:22:43,R_3k6WuOvm2sR9lRG,,,,,51.6539,-0.0888,anonymous,EN,1,I pay attention,,,,,,,,,,,,,,,,,,,,,,,,,1537,4,4,1363,3,3,1500,3,4,1330,4,4,1654,2,2,1431,2,3,1635,2,2,1761,3,3,,,,,,,,,,,,,,,,,,,,,,,,,,2,52,5,59205fcb97a88c000145d191,8
2022-04-22 16:20:09,2022-04-22 16:22:46,0,92.31.0.200,100,157,1,2022-04-22 16:22:47,R_2uKSZufCBoZWJZL,,,,,53.7945,-1.5524,anonymous,EN,1,I pay attention,,,,,,,,,,,,,,,,,,,,,,,,,1546,8,5,1383,8,3,1487,5,4,1341,6,3,1663,4,5,1528,4,4,1631,2,5,1766,5,6,,,,,,,,,,,,,,,,,,,,,,,,,,1,24,5,5eeb9854ef20d70e582acebd,8
2022-04-22 16:17:43,2022-04-22 16:23:00,0,2.28.55.202,100,317,1,2022-04-22 16:23:01,R_RCwxVuDwyqRMGMF,,,,,51.4805,-0.0113,anonymous,EN,1,"I pay attention ",,,,,,,,,,,,,,,,,,,,,,,,,1522,5,6,1380,6,6,1460,5,5,1316,6,6,1579,5,4,1365,4,3,1653,3,2,1735,4,5,,,,,,,,,,,,,,,,,,,,,,,,,,2,65,2,5cb7be4c30e566001a8b04b5,8
2022-04-22 16:19:32,2022-04-22 16:23:02,0,86.150.56.208,100,210,1,2022-04-22 16:23:02,R_WiB4PuaXV1cJVf3,,,,,51.3157,-0.535,anonymous,EN,1,I pay attention,,,,,,,,,,,,,,,,,,,,,,,,,1539,5,5,1358,5,6,1472,5,5,1324,5,6,1644,3,3,1439,4,5,1613,4,4,1790,5,5,,,,,,,,,,,,,,,,,,,,,,,,,,2,43,5,5b27b81293707800011eabdd,8
2022-04-22 16:19:54,2022-04-22 16:23:09,0,81.151.126.194,100,195,1,2022-04-22 16:23:09,R_1cYszcOILCIJIlK,,,,,53.4957,-2.088,anonymous,EN,1,"I pay attention ",,,,,,,,,,,,,,,,,,,,,,,,,1504,5,6,1404,6,6,1456,3,4,1312,6,6,1602,5,4,1407,2,2,1702,2,2,1779,5,4,,,,,,,,,,,,,,,,,,,,,,,,,,2,36,5,5da855e8db29f000128d738a,8
2022-04-22 16:20:06,2022-04-22 16:23:14,0,2.101.210.183,100,188,1,2022-04-22 16:23:15,R_2qabFIRQ4u9125R,,,,,51.543,0.1302,anonymous,EN,1,I pay attention,,,,,,,,,,,,,,,,,,,,,,,,,,,,,,,,,,,,,,,,,,,,,,,,,1361,4,4,1682,4,4,1651,4,4,1520,4,4,1501,4,4,1610,4,4,1472,4,4,1331,4,4,,1,41,5,5c2004c3da51990001e165b2,8
2022-04-22 16:17:51,2022-04-22 16:23:15,0,79.68.61.225,100,324,1,2022-04-22 16:23:15,R_2pLYgfXSXd19bEB,,,,,52.2123,0.1516,anonymous,EN,1,I pay attention,,,,,,,,,,,,,,,,,,,,,,,,,,,,,,,,,,,,,,,,,,,,,,,,,1372,5,5,1697,5,5,1665,5,5,1507,5,5,1563,4,4,1504,4,4,1485,4,4,1379,4,4,,2,62,2,5c8ce2f39d2bff0001b3fcea,8
2022-04-22 16:13:18,2022-04-22 16:23:17,0,81.106.250.205,100,599,1,2022-04-22 16:23:17,R_3qexHuwwnA8CT49,,,,,52.0287,-0.5015,anonymous,EN,1,I pay attention,,,,,,,,,,,,,,,,,,,,,,,,,1520,5,5,1379,5,4,1452,4,4,1317,5,5,1585,4,3,1435,3,3,1658,4,3,1773,4,4,,,,,,,,,,,,,,,,,,,,,,,,,,2,72,2,5efb18d8ef19f5029af663a5,8
2022-04-22 16:17:34,2022-04-22 16:23:18,0,2.218.74.195,100,343,1,2022-04-22 16:23:18,R_3gUGRFtqaOcUOhu,,,,,52.9538,-1.1571,anonymous,EN,1,I pay attention,1530,5,4,1320,8,8,1621,3,8,1400,5,3,1348,4,3,1558,1,4,1293,1,1,1665,1,1,,,,,,,,,,,,,,,,,,,,,,,,,,,,,,,,,,,,,,,,,,,,,,,,,,2,34,5,5981b3289bf4fe0001070aea,8
2022-04-22 16:12:49,2022-04-22 16:23:20,0,139.153.71.45,100,631,1,2022-04-22 16:23:20,R_1gFluFNTdjSXaXz,,,,,56.1471,-3.9224,anonymous,EN,1,I pay attention,,,,,,,,,,,,,,,,,,,,,,,,,,,,,,,,,,,,,,,,,,,,,,,,,1382,4,5,1693,5,5,1649,4,5,1520,5,6,1510,2,2,1592,3,3,1479,3,4,1358,3,3,,1,19,2,616823f4aacb6e9b1cde751c,8
2022-04-22 16:20:15,2022-04-22 16:23:21,0,2.123.66.27,100,185,1,2022-04-22 16:23:21,R_2xWTJkGlHxFwOAb,,,,,53.5039,-2.1959,anonymous,EN,1,I pay attention,,,,,,,,,,,,,,,,,,,,,,,,,,,,,,,,,,,,,,,,,,,,,,,,,1341,4,5,1621,4,5,1644,5,6,1493,4,4,1610,3,3,1461,3,3,1477,4,5,1310,3,3,,2,42,6,60c347136d0a78b90bbd88e6,8
2022-04-22 16:19:58,2022-04-22 16:23:26,0,90.220.173.161,100,208,1,2022-04-22 16:23:27,R_3pbUKUQ0mEUZRZe,,,,,52.4226,0.2756,anonymous,EN,1,"I pay attention ",,,,,,,,,,,,,,,,,,,,,,,,,1508,6,6,1390,6,6,1486,5,4,1330,6,6,1552,4,4,1492,2,3,1701,4,3,1751,4,4,,,,,,,,,,,,,,,,,,,,,,,,,,2,31,4,5ec6c8ad6f911e0e87e58b1f,8
2022-04-22 16:19:20,2022-04-22 16:23:33,0,86.159.240.223,100,252,1,2022-04-22 16:23:33,R_3lXNyWSMwdhor8n,,,,,53.6393,-1.5249,anonymous,EN,1,I pay attention,,,,,,,,,,,,,,,,,,,,,,,,,,,,,,,,,,,,,,,,,,,,,,,,,1379,3,4,1495,4,4,1660,4,4,1490,4,4,1500,4,4,1601,4,4,1248,4,4,1199,4,4,,2,36,3,5be87656822047000181d875,8
2022-04-22 16:17:03,2022-04-22 16:23:38,0,146.199.60.121,100,394,1,2022-04-22 16:23:38,R_1gO5ra4FptleVE2,,,,,53.4606,-2.2572,anonymous,EN,1,I pay attention,1554,6,5,1301,4,5,1646,4,5,1407,5,5,1273,2,2,1552,2,2,1413,1,3,1589,1,1,,,,,,,,,,,,,,,,,,,,,,,,,,,,,,,,,,,,,,,,,,,,,,,,,,1,63,5,5bfa91cf26e31d00010462ed,8
2022-04-22 16:19:40,2022-04-22 16:23:40,0,86.13.186.195,100,239,1,2022-04-22 16:23:40,R_1XseZAjeuRduqKR,,,,,50.8612,-0.1194,anonymous,EN,1,I pay attention,1506,2,2,1321,2,3,1625,3,3,1432,2,3,1368,2,2,1555,2,2,1387,3,3,1558,2,3,,,,,,,,,,,,,,,,,,,,,,,,,,,,,,,,,,,,,,,,,,,,,,,,,,1,67,5,5eea37b60e95520ef6907500,8
2022-04-22 16:20:26,2022-04-22 16:23:45,0,86.31.167.219,100,199,1,2022-04-22 16:23:45,R_2EbNXkw1Ql3NoBb,,,,,51.4771,-2.5531,anonymous,EN,1,I pay attention,1521,6,6,1311,6,6,1623,6,5,1414,5,5,1339,2,2,1620,3,4,1403,3,3,1551,2,2,,,,,,,,,,,,,,,,,,,,,,,,,,,,,,,,,,,,,,,,,,,,,,,,,,1,45,2,5fa951617709a108aeddcd53,8
2022-04-22 16:18:44,2022-04-22 16:23:51,0,62.254.11.91,100,307,1,2022-04-22 16:23:51,R_x0mSytcywZpuntv,,,,,52.547,-1.9396,anonymous,EN,1,"I pay attention ",1549,1,5,1300,1,4,1667,1,4,1356,1,4,1401,1,4,1542,2,4,1315,1,4,1495,1,4,,,,,,,,,,,,,,,,,,,,,,,,,,,,,,,,,,,,,,,,,,,,,,,,,,2,55,2,5dab89f4e9adfe00173caa73,8
2022-04-22 16:15:52,2022-04-22 16:23:53,0,151.228.164.99,100,480,1,2022-04-22 16:23:53,R_z8c8KPJXDdhPg8V,,,,,51.5788,-0.1235,anonymous,EN,1,I pay attention,1530,5,5,1292,5,5,1650,4,5,1424,5,5,1198,2,4,1533,5,4,1292,3,3,1593,1,2,,,,,,,,,,,,,,,,,,,,,,,,,,,,,,,,,,,,,,,,,,,,,,,,,,2,39,5,61656be3235b845792b267ba,8
2022-04-22 16:20:25,2022-04-22 16:23:58,0,80.43.113.112,100,212,1,2022-04-22 16:23:58,R_1ff0U2l60bRKl9g,,,,,52.1359,-2.2117,anonymous,EN,1,I pay attention,,,,,,,,,,,,,,,,,,,,,,,,,1563,6,5,1386,6,5,1504,5,4,1330,6,6,1541,3,3,1307,2,3,1697,2,4,1785,6,5,,,,,,,,,,,,,,,,,,,,,,,,,,1,38,2,588126f90234ec00016eff60,8
2022-04-22 16:19:43,2022-04-22 16:24:00,0,51.6.178.146,100,257,1,2022-04-22 16:24:01,R_27QluqNMqFLkPz3,,,,,50.7883,0.2817,anonymous,EN,1,I pay attention,,,,,,,,,,,,,,,,,,,,,,,,,,,,,,,,,,,,,,,,,,,,,,,,,1390,4,4,1676,4,5,1665,5,5,1515,5,5,1606,4,5,1749,4,6,1490,4,5,1254,4,4,,1,63,2,57e131b80cb6700001dd7e5c,8
2022-04-22 16:19:29,2022-04-22 16:24:03,0,146.198.211.67,100,273,1,2022-04-22 16:24:03,R_27rJXCWXchL2srP,,,,,53.9573,-1.0837,anonymous,EN,1,i pay attention,,,,,,,,,,,,,,,,,,,,,,,,,1518,5,6,1358,5,6,1477,6,6,1314,8,8,1531,5,4,1285,5,3,1704,3,3,1766,4,4,,,,,,,,,,,,,,,,,,,,,,,,,,1,19,5,5f05e24314e7c90bb6b43cc8,8
2022-04-22 16:17:51,2022-04-22 16:24:05,0,94.4.53.173,100,373,1,2022-04-22 16:24:05,R_2QFXmdxSO3eVXFx,,,,,52.5794,-2.1561,anonymous,EN,1,I pay attention,1500,5,4,1324,5,5,1628,4,4,1401,4,4,1354,3,2,1658,3,3,1383,2,3,1630,5,3,,,,,,,,,,,,,,,,,,,,,,,,,,,,,,,,,,,,,,,,,,,,,,,,,,2,56,2,5cdd4befd3651c001950e539,8
2022-04-22 16:16:57,2022-04-22 16:24:11,0,90.207.202.248,100,434,1,2022-04-22 16:24:12,R_2UXcy1XFmxQzkfN,,,,,52.5507,0.1989,anonymous,EN,1,I pay attention,,,,,,,,,,,,,,,,,,,,,,,,,1539,6,6,1369,4,5,1492,3,4,1341,6,6,1584,1,1,1618,2,2,1719,1,1,1798,5,5,,,,,,,,,,,,,,,,,,,,,,,,,,2,37,2,5fad74db5cdcd70beb72b777,8
2022-04-22 16:20:58,2022-04-22 16:24:12,0,82.132.185.69,100,193,1,2022-04-22 16:24:13,R_3OftCqpxeh8NNTs,,,,,53.7967,-2.2353,anonymous,EN,1,"I pay attention ",,,,,,,,,,,,,,,,,,,,,,,,,1655,4,4,1228,4,3,1465,5,4,1320,4,4,1717,4,4,1714,4,4,1597,4,4,1714,5,4,,,,,,,,,,,,,,,,,,,,,,,,,,1,28,4,617285bcc61b22a31210faa3,8
2022-04-22 16:19:38,2022-04-22 16:24:16,0,109.249.185.125,100,278,1,2022-04-22 16:24:17,R_3pg7VaW8Hx9FcYf,,,,,51.3488,-0.0321,anonymous,EN,1,I pay attention,1520,5,5,1285,4,2,1606,3,3,1418,4,3,1321,4,3,1589,4,4,1290,3,3,1538,3,4,,,,,,,,,,,,,,,,,,,,,,,,,,,,,,,,,,,,,,,,,,,,,,,,,,2,63,5,60f5569b3a95a18a91dc5d21,8
2022-04-22 16:20:20,2022-04-22 16:24:24,0,151.225.175.73,100,243,1,2022-04-22 16:24:24,R_1DMy2kUg69eDc1V,,,,,53.45,-2.7833,anonymous,EN,1,I pay attention,,,,,,,,,,,,,,,,,,,,,,,,,,,,,,,,,,,,,,,,,,,,,,,,,1375,6,6,1700,6,6,1661,6,6,1524,6,5,1345,5,4,1662,4,4,1486,5,5,1400,4,4,,1,20,2,5fd3fc5121ea1c140bf4a272,8
2022-04-22 16:18:34,2022-04-22 16:24:24,0,82.29.59.159,100,350,1,2022-04-22 16:24:24,R_DHIi4rx7Y5zhHhL,,,,,53.3992,-2.7047,anonymous,EN,1,I pay attention,1543,5,5,1296,4,4,1674,5,5,1437,5,5,1383,3,4,1528,4,4,1305,4,4,1679,3,2,,,,,,,,,,,,,,,,,,,,,,,,,,,,,,,,,,,,,,,,,,,,,,,,,,2,31,4,5f24a699b63d070b1fbc0619,8
2022-04-22 16:20:08,2022-04-22 16:24:26,0,82.20.42.169,100,257,1,2022-04-22 16:24:26,R_3kvvxEvzoPIvmZB,,,,,51.6101,-3.7685,anonymous,EN,1,I pay attention,1520,8,6,1320,8,8,1630,6,4,1413,5,4,1399,5,5,1635,4,2,1387,4,5,1610,1,1,,,,,,,,,,,,,,,,,,,,,,,,,,,,,,,,,,,,,,,,,,,,,,,,,,2,27,2,612d1746a8d65bea189cd548,8
2022-04-22 16:21:10,2022-04-22 16:24:32,0,128.41.15.21,100,201,1,2022-04-22 16:24:32,R_2XclGGkcG7GlTo0,,,,,51.4781,-0.0279,anonymous,EN,1,I pay attention,1515,6,6,1323,5,5,1617,4,4,1400,3,4,1337,1,3,1541,2,3,1356,2,4,1575,1,3,,,,,,,,,,,,,,,,,,,,,,,,,,,,,,,,,,,,,,,,,,,,,,,,,,2,27,6,60882005bba3d0951e32e1b8,8
2022-04-22 16:19:10,2022-04-22 16:24:32,0,86.13.53.199,100,321,1,2022-04-22 16:24:32,R_73wpzb0REB6gPoB,,,,,53.6413,-2.6692,anonymous,EN,1,I pay attention,1530,8,4,1287,6,3,1618,5,5,1425,4,4,1358,3,3,1682,2,5,1351,1,3,1624,2,5,,,,,,,,,,,,,,,,,,,,,,,,,,,,,,,,,,,,,,,,,,,,,,,,,,1,33,5,6169d51314e3d1b78a88caf1,8
2022-04-22 16:20:40,2022-04-22 16:24:35,0,2.122.240.220,100,234,1,2022-04-22 16:24:35,R_3rHVBqKUaRhuUcW,,,,,51.4859,-0.304,anonymous,EN,1,I pay attention,,,,,,,,,,,,,,,,,,,,,,,,,,,,,,,,,,,,,,,,,,,,,,,,,1375,5,5,1704,5,5,1687,6,6,1506,5,5,1606,4,5,1624,4,3,1496,5,5,1376,5,5,,2,58,3,589cb50d4d580c0001e09d16,8
2022-04-22 16:20:27,2022-04-22 16:24:39,0,137.220.83.6,100,252,1,2022-04-22 16:24:39,R_6DqsoAluy80LXDr,,,,,51.4805,-0.0113,anonymous,EN,1,I pay attention,,,,,,,,,,,,,,,,,,,,,,,,,,,,,,,,,,,,,,,,,,,,,,,,,1606,2,4,1375,2,4,1499,2,4,1251,2,4,1165,2,4,1601,2,4,1251,2,4,1499,2,4,,2,21,5,5f51114394f9472e53bc5936,8
2022-04-22 16:21:00,2022-04-22 16:24:43,0,86.17.126.217,100,222,1,2022-04-22 16:24:43,R_24PlpffuLc3tGEp,,,,,51.4098,-0.0249,anonymous,EN,1,I pay attention,,,,,,,,,,,,,,,,,,,,,,,,,,,,,,,,,,,,,,,,,,,,,,,,,1400,4,2,1700,3,5,1680,3,5,1545,2,4,1415,1,2,1673,1,3,1480,3,4,1324,1,1,,2,32,5,5e0f189d4c81b262eb326f2e,8
2022-04-22 16:20:59,2022-04-22 16:24:44,0,51.194.71.139,100,224,1,2022-04-22 16:24:44,R_2sSxRljNudR1bUp,,,,,51.651,-3.0147,anonymous,EN,1,I pay attention,1517,5,5,1317,4,6,1624,5,5,1421,5,5,1344,4,3,1641,3,3,1402,4,4,1658,3,2,,,,,,,,,,,,,,,,,,,,,,,,,,,,,,,,,,,,,,,,,,,,,,,,,,2,46,5,5efad067339562914d784503,8
2022-04-22 16:19:05,2022-04-22 16:24:49,0,80.44.245.197,100,344,1,2022-04-22 16:24:49,R_1eKJDWO5XV63CDk,,,,,55.9552,-3.2,anonymous,EN,1,i pay attention,1528,4,4,1262,3,2,1310,1,4,1393,3,4,1330,3,5,1606,4,5,1520,4,4,1656,3,4,,,,,,,,,,,,,,,,,,,,,,,,,,,,,,,,,,,,,,,,,,,,,,,,,,2,50,2,5f64ea0392e24101c0bfaebe,8
2022-04-22 16:22:19,2022-04-22 16:24:54,0,176.25.47.171,100,155,1,2022-04-22 16:24:55,R_AMZabKnexGk76md,,,,,51.6247,-0.7447,anonymous,EN,1,I pay attention,,,,,,,,,,,,,,,,,,,,,,,,,1542,4,5,1370,4,5,1496,5,5,1300,4,5,1556,3,6,1501,4,6,1500,4,5,1751,5,4,,,,,,,,,,,,,,,,,,,,,,,,,,1,29,5,5f76303f951dda087d02e0bc,8
2022-04-22 16:21:05,2022-04-22 16:24:58,0,80.189.54.150,100,232,1,2022-04-22 16:24:58,R_1Q5AT3YD1IMvMjd,,,,,53.7662,-0.928,anonymous,EN,1,I pay attention,1528,8,6,1294,8,8,1645,6,5,1430,8,6,1338,5,4,1614,3,3,1393,3,3,1625,2,2,,,,,,,,,,,,,,,,,,,,,,,,,,,,,,,,,,,,,,,,,,,,,,,,,,2,39,5,602db1b6986cfd292b134d4c,8
2022-04-22 16:20:32,2022-04-22 16:25:07,0,86.4.24.214,100,274,1,2022-04-22 16:25:07,R_25Eqv6JtqQnXSMv,,,,,54.9001,-1.4211,anonymous,EN,1,I pay attention,,,,,,,,,,,,,,,,,,,,,,,,,1539,5,4,1373,5,5,1485,5,5,1324,6,6,1632,2,4,1417,3,4,1645,1,2,1755,5,5,,,,,,,,,,,,,,,,,,,,,,,,,,1,60,5,6167116fd8a186cd98501614,8
2022-04-22 16:20:24,2022-04-22 16:25:15,0,81.106.28.12,100,291,1,2022-04-22 16:25:15,R_24HmGxHJbHATtbW,,,,,51.5555,-0.6212,anonymous,EN,1,I pay attention,,,,,,,,,,,,,,,,,,,,,,,,,1515,3,4,1390,3,3,1483,2,4,1332,4,3,1580,3,4,1451,2,3,1699,2,5,1755,2,6,,,,,,,,,,,,,,,,,,,,,,,,,,2,34,7,60c33f3e6706eca45e689ea4,8
2022-04-22 16:20:31,2022-04-22 16:25:19,0,151.231.35.16,100,288,1,2022-04-22 16:25:20,R_9pK4kUHqKTgSGEV,,,,,54.6988,-1.6465,anonymous,EN,1,I pay attention,1549,5,6,1289,4,5,1712,5,6,1437,3,5,1373,1,3,1607,3,4,1305,2,2,1758,1,2,,,,,,,,,,,,,,,,,,,,,,,,,,,,,,,,,,,,,,,,,,,,,,,,,,2,20,5,5fcd1c5584c8d416c797d96a,8
2022-04-22 16:21:12,2022-04-22 16:25:21,0,90.255.70.101,100,249,1,2022-04-22 16:25:22,R_6zj3m7rpds8IYxP,,,,,50.7177,-2.0008,anonymous,EN,1,I pay attention,,,,,,,,,,,,,,,,,,,,,,,,,,,,,,,,,,,,,,,,,,,,,,,,,1361,3,3,1703,1,3,1681,3,3,1497,3,3,1503,3,3,1565,3,3,1497,3,4,1265,1,4,,2,51,3,59b57bccd98aab00019bb1a3,8
2022-04-22 16:20:53,2022-04-22 16:25:33,0,46.208.165.189,100,279,1,2022-04-22 16:25:34,R_2B5toAF8ZomCUec,,,,,52.701,-2.5052,anonymous,EN,1,I pay attention,,,,,,,,,,,,,,,,,,,,,,,,,,,,,,,,,,,,,,,,,,,,,,,,,1372,6,6,1706,5,5,1682,8,8,1525,5,6,1462,3,3,1617,3,3,1475,4,5,1359,3,3,,2,37,5,5ea596f614912a579c4e52e1,8
2022-04-22 16:16:23,2022-04-22 16:25:33,0,86.14.57.97,100,550,1,2022-04-22 16:25:34,R_1K72ruZ3QMCVvYn,,,,,52.4759,-1.8516,anonymous,EN,1,I pay attention,,,,,,,,,,,,,,,,,,,,,,,,,,,,,,,,,,,,,,,,,,,,,,,,,1500,5,3,1799,1,6,1351,1,5,1625,4,4,1662,1,4,1749,1,5,1579,2,4,1600,1,3,,1,19,2,60d370d873117813ba043af5,8
2022-04-22 16:21:11,2022-04-22 16:25:42,0,31.125.4.241,100,271,1,2022-04-22 16:25:42,R_3qmND5Yd6btYCFd,,,,,51.4964,-0.1224,anonymous,EN,1,I pay attention,,,,,,,,,,,,,,,,,,,,,,,,,1576,5,5,1378,5,4,1424,5,5,1372,4,5,1524,2,4,1524,4,5,1633,1,3,1822,4,4,,,,,,,,,,,,,,,,,,,,,,,,,,2,29,2,5b1a88970ada0a0001e0f483,8
2022-04-22 16:23:35,2022-04-22 16:25:47,0,86.143.154.231,100,131,1,2022-04-22 16:25:47,R_1jHSHQ6OxX0jXzX,,,,,51.6019,-3.4311,anonymous,EN,1,I pay attention,1493,6,6,1327,1,3,1625,5,5,1421,5,5,1370,5,3,1485,2,2,1310,6,1,1538,4,4,,,,,,,,,,,,,,,,,,,,,,,,,,,,,,,,,,,,,,,,,,,,,,,,,,1,63,2,5a678d0bb9e3b50001a73fa3,8
2022-04-22 16:22:28,2022-04-22 16:25:47,0,146.198.221.138,100,198,1,2022-04-22 16:25:47,R_1IKl3UgGKc5P7vU,,,,,52.7681,-1.2026,anonymous,EN,1,I pay attention,,,,,,,,,,,,,,,,,,,,,,,,,1545,2,4,1329,3,3,1452,2,2,1295,3,5,1548,1,2,1302,1,1,1702,1,1,1794,3,3,,,,,,,,,,,,,,,,,,,,,,,,,,1,36,5,5be6f1cbeca90b0001e6e8d5,8
2022-04-22 16:20:29,2022-04-22 16:25:51,0,165.120.2.53,100,321,1,2022-04-22 16:25:52,R_037ec7yGT5MOfvP,,,,,50.9991,-1.0292,anonymous,EN,1,I pay attention,,,,,,,,,,,,,,,,,,,,,,,,,,,,,,,,,,,,,,,,,,,,,,,,,1370,4,4,1701,4,5,1670,3,4,1526,5,5,1554,2,2,1592,2,2,1482,5,6,1377,3,3,,2,30,5,5dbecb5e30c4d737494efe10,8
2022-04-22 16:17:55,2022-04-22 16:26:05,0,81.101.229.23,100,489,1,2022-04-22 16:26:05,R_2vYPxmH81bNmbrs,,,,,50.7887,-1.1475,anonymous,EN,1,"I pay attention ",1575,6,6,1302,5,5,1652,5,6,1425,4,4,1385,4,4,1545,4,4,1357,4,4,1652,3,5,,,,,,,,,,,,,,,,,,,,,,,,,,,,,,,,,,,,,,,,,,,,,,,,,,2,37,4,5afd6d5b56fe2c0001690178,8
2022-04-22 16:23:04,2022-04-22 16:26:08,0,90.215.161.197,100,184,1,2022-04-22 16:26:08,R_2zqDv5iGudPZ8WF,,,,,51.4566,-0.968,anonymous,EN,1,I pay attention,,,,,,,,,,,,,,,,,,,,,,,,,,,,,,,,,,,,,,,,,,,,,,,,,1369,6,6,1701,5,6,1662,6,8,1501,5,6,1401,3,3,1603,3,2,1472,5,5,1249,4,3,,1,32,5,5bab5f23fdc48b00017769b7,8
2022-04-22 16:20:31,2022-04-22 16:26:11,0,2.29.169.77,100,339,1,2022-04-22 16:26:11,R_D7xKhPe3DsfTf9v,,,,,53.4367,-2.9652,anonymous,EN,1,I pay attention,1519,5,4,1341,5,6,1631,3,6,1436,3,5,1379,1,1,1482,1,1,1350,5,3,1617,1,3,,,,,,,,,,,,,,,,,,,,,,,,,,,,,,,,,,,,,,,,,,,,,,,,,,2,59,4,5ea4115637284839f59110e1,8
2022-04-22 16:20:13,2022-04-22 16:26:24,0,84.65.211.229,100,370,1,2022-04-22 16:26:24,R_2e2JjT1gS5bKXzW,,,,,52.5876,-1.9828,anonymous,EN,1,I pay attention,,,,,,,,,,,,,,,,,,,,,,,,,1523,4,4,1385,5,5,1472,4,5,1332,5,6,1600,4,4,1287,4,3,1820,2,4,1765,3,4,,,,,,,,,,,,,,,,,,,,,,,,,,2,33,5,60858fa033677878a8399e3a,8
2022-04-22 16:19:48,2022-04-22 16:26:38,0,89.168.6.107,100,409,1,2022-04-22 16:26:38,R_1H642CVypAzKCoy,,,,,53.4826,-1.3026,anonymous,EN,1,"""i pay attention""",,,,,,,,,,,,,,,,,,,,,,,,,,,,,,,,,,,,,,,,,,,,,,,,,1359,4,4,1708,3,4,1648,5,8,1532,5,6,1330,5,6,1511,5,6,1501,6,5,1382,5,6,,2,79,1,5c6e591fc114eb00018b2633,8
2022-04-22 16:20:44,2022-04-22 16:26:44,0,217.44.1.6,100,359,1,2022-04-22 16:26:44,R_2dWtwoXCl1Ag54d,,,,,57.2708,-2.45,anonymous,EN,1,I pay attention,,,,,,,,,,,,,,,,,,,,,,,,,1556,5,5,1407,6,5,1472,4,5,1342,5,3,1626,2,3,1385,2,3,1725,4,4,1800,6,6,,,,,,,,,,,,,,,,,,,,,,,,,,2,57,2,59e4fe99c0d35a0001294f8b,8
2022-04-22 16:23:57,2022-04-22 16:26:45,0,5.198.44.143,100,167,1,2022-04-22 16:26:45,R_3EiMbNvAjHVMw7l,,,,,53.7428,-0.2672,anonymous,EN,1,I pay attention,1525,6,4,1344,5,6,1649,5,5,1451,5,5,1372,4,5,1656,4,4,1500,4,3,1751,4,3,,,,,,,,,,,,,,,,,,,,,,,,,,,,,,,,,,,,,,,,,,,,,,,,,,1,23,5,5ed00b67157bd20c24f3fc51,8
2022-04-22 16:22:10,2022-04-22 16:26:45,0,86.152.229.28,100,275,1,2022-04-22 16:26:45,R_T1OdenD0EKnaL9T,,,,,53.8261,-1.8847,anonymous,EN,1,I pay attention,,,,,,,,,,,,,,,,,,,,,,,,,,,,,,,,,,,,,,,,,,,,,,,,,1382,5,5,1690,6,5,1663,6,6,1524,2,3,1339,4,3,1585,4,4,1492,5,5,1356,3,3,,1,69,5,577f91b84d107800016d9e69,8
2022-04-22 16:21:17,2022-04-22 16:26:49,0,176.249.88.139,100,332,1,2022-04-22 16:26:50,R_2zTLgo5HqELVPYi,,,,,53.1369,-1.1995,anonymous,EN,1,I pay attention,,,,,,,,,,,,,,,,,,,,,,,,,1586,5,5,1350,5,3,1491,6,4,1301,4,2,1700,3,4,1498,4,4,1730,2,4,1823,4,3,,,,,,,,,,,,,,,,,,,,,,,,,,2,42,5,5ee013785a5719357e9ce0cf,8
2022-04-22 16:23:25,2022-04-22 16:26:54,0,109.249.189.131,100,209,1,2022-04-22 16:26:54,R_1IGhWJSuHJlkHBs,,,,,52.9538,-1.1571,anonymous,EN,1,"I pay attention ",,,,,,,,,,,,,,,,,,,,,,,,,1616,5,4,1345,5,3,1477,5,3,1345,6,2,1645,1,5,1500,3,3,1655,2,4,1790,8,8,,,,,,,,,,,,,,,,,,,,,,,,,,1,23,6,5cfbef1b50597d0001e8f11e,8
2022-04-22 16:15:10,2022-04-22 16:26:58,0,109.157.130.205,100,708,1,2022-04-22 16:26:59,R_22zSDnLH6iIv6QJ,,,,,51.4777,-0.0569,anonymous,EN,1,I pay attention,1520,1,6,1283,5,8,1638,3,8,1438,5,5,1221,3,6,1752,3,5,1237,3,5,1613,1,8,,,,,,,,,,,,,,,,,,,,,,,,,,,,,,,,,,,,,,,,,,,,,,,,,,2,24,5,5e570f6b38fb3a0d3c15e266,8
2022-04-22 16:20:39,2022-04-22 16:27:08,0,51.194.83.238,100,388,1,2022-04-22 16:27:09,R_1kNTCEAKK11qcW5,,,,,53.3022,-2.2312,anonymous,EN,1,I pay attention,1380,4,5,1318,6,8,1617,5,6,1487,4,4,1375,3,3,1687,5,2,1386,2,1,1611,1,1,,,,,,,,,,,,,,,,,,,,,,,,,,,,,,,,,,,,,,,,,,,,,,,,,,1,75,3,5ed8f853923c0941e1238299,8
2022-04-22 16:24:12,2022-04-22 16:27:09,0,86.144.30.241,100,177,1,2022-04-22 16:27:09,R_1HiaCTSQjctdGZB,,,,,52.4554,-1.9565,anonymous,EN,1,I pay attention,,,,,,,,,,,,,,,,,,,,,,,,,,,,,,,,,,,,,,,,,,,,,,,,,1363,6,6,1673,4,5,1658,6,8,1520,5,5,1520,5,5,1666,4,5,1500,5,4,1400,3,4,,1,31,3,60b4ae00a553ce01ecec6699,8
2022-04-22 16:25:07,2022-04-22 16:27:24,0,109.147.218.83,100,137,1,2022-04-22 16:27:24,R_1rO0EGtU3OWVtOX,,,,,52.5297,-1.8543,anonymous,EN,1,I pay attention,,,,,,,,,,,,,,,,,,,,,,,,,,,,,,,,,,,,,,,,,,,,,,,,,1332,4,4,1724,4,3,1656,4,4,1537,4,4,1504,4,4,1594,1,4,1510,4,4,1334,4,4,,1,21,5,6026e1c91fcd140c25ec6076,8
2022-04-22 16:24:40,2022-04-22 16:27:41,0,217.44.26.66,100,181,1,2022-04-22 16:27:42,R_D8nXxvFtYFajEyZ,,,,,54.5554,-1.5151,anonymous,EN,1,I pat attention,1569,2,4,1319,3,5,1664,2,4,1414,2,4,1496,2,4,1684,2,4,1497,2,4,1657,2,4,,,,,,,,,,,,,,,,,,,,,,,,,,,,,,,,,,,,,,,,,,,,,,,,,,1,37,2,5e737c034da556000ac9d606,8
2022-04-22 16:20:11,2022-04-22 16:27:48,0,81.156.140.94,100,456,1,2022-04-22 16:27:48,R_31LbTSYyGo7yd6v,,,,,52.6317,0.7874,anonymous,EN,1,I pay attention,,,,,,,,,,,,,,,,,,,,,,,,,,,,,,,,,,,,,,,,,,,,,,,,,1375,4,4,1700,5,4,1649,4,5,1525,5,5,1549,4,3,1600,3,3,1490,4,4,1325,2,2,,1,56,5,56278536ddff3c0005bcdad9,8
2022-04-22 16:24:25,2022-04-22 16:27:50,0,77.98.73.25,100,204,1,2022-04-22 16:27:50,R_3oLv6f5CMjIeFfm,,,,,55.7699,-3.9013,anonymous,EN,1,I pay attention,1499,5,3,1318,1,1,1645,1,1,1370,1,1,1158,1,1,1501,1,1,1344,1,1,1639,1,1,,,,,,,,,,,,,,,,,,,,,,,,,,,,,,,,,,,,,,,,,,,,,,,,,,1,21,3,5d352f8bb02857001963539a,8
2022-04-22 16:25:19,2022-04-22 16:27:52,0,79.71.53.96,100,152,1,2022-04-22 16:27:52,R_1F4cvrp4InsEEY0,,,,,55.8227,-4.2927,anonymous,EN,1,I pay attention,,,,,,,,,,,,,,,,,,,,,,,,,1515,5,5,1375,4,5,1477,3,2,1335,8,8,1546,1,1,1321,3,3,1665,1,1,1752,4,4,,,,,,,,,,,,,,,,,,,,,,,,,,1,36,2,5ac499001667e40001d859f9,8
2022-04-22 16:24:30,2022-04-22 16:28:03,0,85.211.155.196,100,212,1,2022-04-22 16:28:04,R_ZCtzedjoQTl9Q2d,,,,,52.701,-2.5052,anonymous,EN,1,I pay attention,,,,,,,,,,,,,,,,,,,,,,,,,1570,6,5,1387,6,5,1450,5,5,1315,6,6,1628,2,4,1481,3,4,1699,2,4,1762,5,5,,,,,,,,,,,,,,,,,,,,,,,,,,1,29,6,5dcf1031b039ab061db5243e,8
2022-04-22 16:23:01,2022-04-22 16:28:17,0,86.142.52.1,100,315,1,2022-04-22 16:28:18,R_s6V3fUE2ToSjtLz,,,,,51.4061,0.0152,anonymous,EN,1,I pay attention,,,,,,,,,,,,,,,,,,,,,,,,,,,,,,,,,,,,,,,,,,,,,,,,,1361,5,5,1703,5,5,1661,5,5,1508,5,4,1506,4,3,1614,1,2,1463,3,4,1334,2,2,,1,50,5,601c141abca398678a72ff4c,8
2022-04-22 16:24:25,2022-04-22 16:28:18,0,84.92.52.100,100,232,1,2022-04-22 16:28:19,R_333XupJKxczeopZ,,,,,53.3793,-1.4602,anonymous,EN,1,I pay attention,,,,,,,,,,,,,,,,,,,,,,,,,1535,1,4,1375,1,4,1480,1,4,1341,1,4,1603,1,4,1456,1,4,1641,1,4,1761,1,4,,,,,,,,,,,,,,,,,,,,,,,,,,1,49,5,5f09fab615ee6b0ab5235b15,8
2022-04-22 16:21:24,2022-04-22 16:28:30,0,193.222.252.216,100,425,1,2022-04-22 16:28:30,R_24uvSjSl4lq2ken,,,,,52.7066,-2.7326,anonymous,EN,1,I pay attention,1554,5,6,1287,4,5,1638,5,6,1431,5,6,1253,2,2,1515,2,3,1295,4,4,1649,2,2,,,,,,,,,,,,,,,,,,,,,,,,,,,,,,,,,,,,,,,,,,,,,,,,,,1,70,3,59e8a9b1d838ae0001850c89,8
2022-04-22 16:25:57,2022-04-22 16:28:49,0,85.115.54.201,100,171,1,2022-04-22 16:28:49,R_1oCqGny4Qp4TwBb,,,,,51.5095,-0.0955,anonymous,EN,1,I pay attention,,,,,,,,,,,,,,,,,,,,,,,,,,,,,,,,,,,,,,,,,,,,,,,,,1370,6,6,1699,4,5,1661,6,6,1525,5,5,1500,4,3,1669,2,2,1500,5,5,1430,3,3,,1,27,3,5a9ed3f26219a30001f54e85,8
2022-04-22 16:25:21,2022-04-22 16:29:01,0,82.4.130.118,100,219,1,2022-04-22 16:29:01,R_rrTuEVA8P4JIXbX,,,,,52.9538,-1.1571,anonymous,EN,1,"I pay attention ",1500,5,5,1300,5,6,1625,5,5,1425,4,4,1210,2,2,1551,4,4,1372,2,2,1649,1,1,,,,,,,,,,,,,,,,,,,,,,,,,,,,,,,,,,,,,,,,,,,,,,,,,,1,52,5,5c65e8114f67dc0001542266,8
2022-04-22 16:24:43,2022-04-22 16:29:01,0,95.144.107.53,100,258,1,2022-04-22 16:29:02,R_3MuJRPN83VFjbg3,,,,,54.7024,-1.7237,anonymous,EN,1,I pay attention,,,,,,,,,,,,,,,,,,,,,,,,,1549,3,4,1383,4,4,1446,3,4,1328,4,5,1668,4,3,1470,2,4,1666,2,3,1731,3,4,,,,,,,,,,,,,,,,,,,,,,,,,,1,58,4,5db7203e98ecdf000ae8d504,8
2022-04-22 16:26:43,2022-04-22 16:29:08,0,86.146.179.74,100,145,1,2022-04-22 16:29:09,R_DduN5jTcr3THVh7,,,,,52.8928,-2.0849,anonymous,EN,1,I pay attention,1530,6,8,1335,5,6,1656,5,6,1450,5,6,1367,3,4,1682,3,4,1387,3,4,1630,3,3,,,,,,,,,,,,,,,,,,,,,,,,,,,,,,,,,,,,,,,,,,,,,,,,,,1,38,5,5ed0dc47fd66121c75e88443,8
2022-04-22 16:20:38,2022-04-22 16:29:18,0,31.205.119.93,100,520,1,2022-04-22 16:29:18,R_2uWJxDq8eOg5LQh,,,,,51.4643,-0.0119,anonymous,EN,1,I pay attention,1525,6,6,1306,6,6,1628,5,5,1430,4,4,1344,2,2,1573,4,4,1386,4,4,1624,2,2,,,,,,,,,,,,,,,,,,,,,,,,,,,,,,,,,,,,,,,,,,,,,,,,,,2,21,5,5e9b9eaee0e30b0b27983c50,8
2022-04-22 16:26:10,2022-04-22 16:29:29,0,80.194.242.190,100,198,1,2022-04-22 16:29:29,R_1GWhQyOWqs6WOJm,,,,,53.4036,-2.7475,anonymous,EN,1,I pay attention,,,,,,,,,,,,,,,,,,,,,,,,,1532,8,8,1399,6,5,1494,6,6,1331,8,8,1611,3,3,1599,4,4,1582,4,3,1761,5,5,,,,,,,,,,,,,,,,,,,,,,,,,,1,30,5,615f42ca58f6e800db5a9821,8
2022-04-22 16:25:46,2022-04-22 16:29:35,0,87.74.33.88,100,229,1,2022-04-22 16:29:36,R_2S1grCCjpHm9ekv,,,,,51.4994,-0.6943,anonymous,EN,1,I pay attention,,,,,,,,,,,,,,,,,,,,,,,,,1523,8,8,1380,8,8,1470,6,4,1328,8,8,1576,3,2,1586,3,3,1663,2,2,1745,6,5,,,,,,,,,,,,,,,,,,,,,,,,,,1,20,5,610af1f010f5e9cb15989d31,8
2022-04-22 16:26:02,2022-04-22 16:29:47,0,82.11.87.139,100,224,1,2022-04-22 16:29:47,R_1LncEX5T0vPEy8H,,,,,55.9452,-4.0052,anonymous,EN,1,I pay attention,,,,,,,,,,,,,,,,,,,,,,,,,,,,,,,,,,,,,,,,,,,,,,,,,1354,5,5,1699,6,6,1717,5,4,1501,5,5,1490,3,3,1592,3,3,1496,5,5,1235,2,3,,1,42,6,60435c1d1d1a6f2effcfb8f1,8
2022-04-22 16:20:40,2022-04-22 16:29:55,0,51.9.15.27,100,555,1,2022-04-22 16:29:56,R_Ufqn9209jGWkixX,,,,,51.4874,0.1597,anonymous,EN,1,I pay attention,1517,6,6,1332,6,6,1644,2,4,1424,5,5,1232,4,4,1532,5,5,1265,2,3,1600,1,2,,,,,,,,,,,,,,,,,,,,,,,,,,,,,,,,,,,,,,,,,,,,,,,,,,2,60,2,5d1b7ca2ebfae6001a9e4401,8
2022-04-22 16:27:04,2022-04-22 16:30:09,0,5.198.36.171,100,184,1,2022-04-22 16:30:09,R_3FV5sW6fl9ImhdO,,,,,53.7606,-0.3734,anonymous,EN,1,I pay attention,,,,,,,,,,,,,,,,,,,,,,,,,,,,,,,,,,,,,,,,,,,,,,,,,1365,4,5,1707,5,5,1665,4,4,1511,4,4,1342,1,1,1615,2,1,1490,2,1,1328,1,1,,1,34,5,5ee60e6af4d9c0366af53a7f,8
2022-04-22 16:26:57,2022-04-22 16:30:16,0,31.125.102.8,100,199,1,2022-04-22 16:30:17,R_x44k61V0yN9lDHP,,,,,50.8058,-0.3898,anonymous,EN,1,I pay attention,,,,,,,,,,,,,,,,,,,,,,,,,1513,5,4,1373,5,4,1465,4,4,1335,5,4,1563,4,4,1285,3,4,1663,3,4,1761,5,4,,,,,,,,,,,,,,,,,,,,,,,,,,1,58,5,5aead25562ac0e00010974b1,8
2022-04-22 16:26:57,2022-04-22 16:30:22,0,92.40.193.112,100,205,1,2022-04-22 16:30:22,R_2wSGOJRFjv2bKkF,,,,,51.4964,-0.1224,anonymous,EN,1,I pay attention,,,,,,,,,,,,,,,,,,,,,,,,,1542,6,5,1372,5,4,1458,4,4,1320,6,2,1668,4,6,1428,5,5,1649,4,4,1809,4,6,,,,,,,,,,,,,,,,,,,,,,,,,,1,24,5,5eb84ddb1aa1b479b631a1fb,8
2022-04-22 16:19:09,2022-04-22 16:30:23,0,178.78.90.33,100,674,1,2022-04-22 16:30:24,R_ZsAZA6h99V8GxOh,,,,,53.7428,-0.2672,anonymous,EN,1,I pay attention,,,,,,,,,,,,,,,,,,,,,,,,,,,,,,,,,,,,,,,,,,,,,,,,,1368,5,5,1725,5,5,1673,5,6,1506,5,5,1546,3,4,1624,3,3,1494,4,5,1325,4,3,,2,57,2,5cd942fdcc98b20019852b50,8
2022-04-22 16:28:08,2022-04-22 16:30:31,0,176.25.207.217,100,142,1,2022-04-22 16:30:31,R_1mxiinkk6dFifl1,,,,,51.5026,-0.066,anonymous,EN,1,I pay attention,,,,,,,,,,,,,,,,,,,,,,,,,1517,8,8,1392,6,6,1480,5,4,1339,8,8,1554,3,2,1597,6,6,1673,2,2,1786,4,3,,,,,,,,,,,,,,,,,,,,,,,,,,1,25,6,5ffc8b3359c0d0096cc8e234,8
2022-04-22 16:25:30,2022-04-22 16:30:49,0,79.70.170.119,100,319,1,2022-04-22 16:30:49,R_2zACd9rcluyOedV,,,,,54.9742,-1.615,anonymous,EN,1,I pay attention,,,,,,,,,,,,,,,,,,,,,,,,,,,,,,,,,,,,,,,,,,,,,,,,,1000,3,5,1580,5,4,1239,4,4,1497,5,4,1369,4,3,1504,4,3,1503,5,5,1248,4,3,,1,66,2,59a5fd55145f7000017ab7e3,8
2022-04-22 16:18:23,2022-04-22 16:30:51,0,86.11.175.146,100,747,1,2022-04-22 16:30:51,R_3EuoagH1PQFWQK9,,,,,52.5852,-0.236,anonymous,EN,1,I pay attention,,,,,,,,,,,,,,,,,,,,,,,,,1555,4,5,1382,5,5,1475,4,5,1341,5,5,1600,5,5,1408,4,4,1787,5,4,1783,4,5,,,,,,,,,,,,,,,,,,,,,,,,,,2,49,6,5ea18fb96205ad04eae7342c,8
2022-04-22 16:29:17,2022-04-22 16:31:04,0,78.146.181.226,100,106,1,2022-04-22 16:31:04,R_2V2r4QQkE6QcUs8,,,,,51.4483,-0.0827,anonymous,EN,1,"I pay attention ",,,,,,,,,,,,,,,,,,,,,,,,,,,,,,,,,,,,,,,,,,,,,,,,,1471,3,1,1711,4,3,1637,6,5,1560,4,3,1489,5,3,1622,5,6,1480,5,4,1357,3,5,,1,23,5,5f6f24f71b1cd746e9ded65e,8
2022-04-22 16:20:06,2022-04-22 16:31:05,0,78.144.70.81,100,658,1,2022-04-22 16:31:06,R_1FziwsbIJ7crsMd,,,,,51.2539,0.5327,anonymous,EN,1,"I pay attention ",,,,,,,,,,,,,,,,,,,,,,,,,1502,4,4,1372,5,5,1492,5,5,1342,6,6,1600,3,5,1372,2,3,1708,1,4,1800,5,5,,,,,,,,,,,,,,,,,,,,,,,,,,2,22,2,61486b40198550b29e7f29be,8
2022-04-22 16:28:46,2022-04-22 16:31:06,0,5.64.178.225,100,140,1,2022-04-22 16:31:06,R_2dRdhyHcxLhWrQQ,,,,,53.5647,-2.1004,anonymous,EN,1,I pay attention,1544,6,6,1321,6,6,1632,5,5,1408,4,4,1341,5,3,1628,4,3,1342,3,2,1617,3,2,,,,,,,,,,,,,,,,,,,,,,,,,,,,,,,,,,,,,,,,,,,,,,,,,,1,23,6,5f53b73f18bf9a6ed513ca61,8
2022-04-22 16:28:12,2022-04-22 16:31:06,0,92.30.191.157,100,174,1,2022-04-22 16:31:07,R_8dzRDFKeVxpfEI1,,,,,55.9632,-3.2546,anonymous,EN,1,I pay attention,,,,,,,,,,,,,,,,,,,,,,,,,1538,5,5,1362,5,5,1494,5,4,1332,6,6,1654,2,4,1496,3,4,1611,1,3,1752,6,8,,,,,,,,,,,,,,,,,,,,,,,,,,1,28,5,5ad2254db438910001ac9c31,8
2022-04-22 16:28:11,2022-04-22 16:31:23,0,86.138.193.170,100,192,1,2022-04-22 16:31:24,R_zVD9pWRTvDGNdAt,,,,,56.225,-2.698,anonymous,EN,1,I pay attention,,,,,,,,,,,,,,,,,,,,,,,,,,,,,,,,,,,,,,,,,,,,,,,,,1500,2,1,1494,1,1,1386,1,1,1370,2,2,1400,1,3,1244,2,5,1759,1,1,1708,2,3,,1,34,2,61f2adcea09e72f23cbaf96a,8
2022-04-22 16:27:37,2022-04-22 16:31:29,0,130.209.157.54,100,231,1,2022-04-22 16:31:29,R_1nZwUumCOX4Ddeo,,,,,55.8803,-4.3055,anonymous,EN,1,i pay attention,1525,5,5,1300,5,5,1600,5,5,1401,4,4,1300,4,4,1552,3,3,1400,2,3,1500,2,2,,,,,,,,,,,,,,,,,,,,,,,,,,,,,,,,,,,,,,,,,,,,,,,,,,1,20,2,5c7fb04093cdce00160adf49,8
2022-04-22 16:24:58,2022-04-22 16:31:34,0,31.185.38.27,100,395,1,2022-04-22 16:31:34,R_2uwcV0zsxFQTJz2,,,,,52.6259,1.3032,anonymous,EN,1,I pay attention,,,,,,,,,,,,,,,,,,,,,,,,,1559,8,8,1366,8,8,1468,5,6,1338,8,8,1594,4,6,1628,5,5,1580,1,1,1779,5,8,,,,,,,,,,,,,,,,,,,,,,,,,,1,26,5,5c86303fc2ceec001719a6eb,8
2022-04-22 16:28:19,2022-04-22 16:31:39,0,82.42.47.250,100,199,1,2022-04-22 16:31:39,R_2dgdNF2xph7PRrr,,,,,53.7687,-2.4667,anonymous,EN,1,I pay attention,,,,,,,,,,,,,,,,,,,,,,,,,,,,,,,,,,,,,,,,,,,,,,,,,1372,5,5,1699,5,5,1668,5,5,1525,5,5,1527,3,3,1639,2,2,1489,4,4,1358,3,4,,1,58,5,5bc5be2572df5f00014479f9,8
2022-04-22 16:28:53,2022-04-22 16:31:41,0,151.227.133.84,100,167,1,2022-04-22 16:31:41,R_1BRXZRuAIiA6Qba,,,,,51.4451,0.0964,anonymous,EN,1,I pay attention,1513,8,6,1321,5,5,1641,6,8,1432,6,6,1359,3,2,1625,3,2,1342,5,5,1617,3,3,,,,,,,,,,,,,,,,,,,,,,,,,,,,,,,,,,,,,,,,,,,,,,,,,,1,32,3,5b5477c2329be10001938ff8,8
2022-04-22 16:27:11,2022-04-22 16:31:43,0,146.198.235.36,100,271,1,2022-04-22 16:31:43,R_3J1Tro5kXqdYp8R,,,,,51.279,1.0763,anonymous,EN,1,I pay attention,,,,,,,,,,,,,,,,,,,,,,,,,,,,,,,,,,,,,,,,,,,,,,,,,1365,5,5,1690,5,6,1659,6,6,1525,5,5,1531,3,3,1603,2,2,1477,3,5,1315,2,2,,2,45,3,5d92145df583b100181423db,8
2022-04-22 16:28:18,2022-04-22 16:31:44,0,92.233.55.48,100,206,1,2022-04-22 16:31:45,R_1XMKxInKWYzkrap,,,,,52.4173,-2.006,anonymous,EN,1,I pay attention,,,,,,,,,,,,,,,,,,,,,,,,,1520,8,5,1385,5,5,1501,2,4,1339,8,5,1541,4,3,1497,3,2,1583,2,3,1800,1,5,,,,,,,,,,,,,,,,,,,,,,,,,,1,23,4,5e8ea111f5166b1680ef8eef,8
2022-04-22 16:25:31,2022-04-22 16:31:46,0,87.114.92.22,100,375,1,2022-04-22 16:31:47,R_1ooRveOPf0WTRVv,,,,,51.5428,-0.1978,anonymous,EN,1,I pay attention,1513,3,3,1258,4,3,1635,3,3,1411,3,3,1331,3,3,1592,3,3,1331,3,3,1587,3,3,,,,,,,,,,,,,,,,,,,,,,,,,,,,,,,,,,,,,,,,,,,,,,,,,,1,58,3,5ee935230c3e3f2c25f6f83a,8
2022-04-22 16:24:15,2022-04-22 16:31:57,0,62.189.226.59,100,461,1,2022-04-22 16:31:57,R_1hHewGgYsno80uj,,,,,51.3193,-0.0888,anonymous,EN,1,I pay attention,,,,,,,,,,,,,,,,,,,,,,,,,,,,,,,,,,,,,,,,,,,,,,,,,1372,6,4,1730,6,6,1693,8,6,1541,6,5,1513,5,5,1673,5,6,1500,6,6,1090,5,5,,1,59,2,5ddba1b941fb3fae60ceb0c3,8
2022-04-22 16:24:47,2022-04-22 16:32:04,0,86.1.100.77,100,436,1,2022-04-22 16:32:04,R_3GfxkSpRHq3lpub,,,,,53.7881,-1.6008,anonymous,EN,1,I pay attention,,,,,,,,,,,,,,,,,,,,,,,,,,,,,,,,,,,,,,,,,,,,,,,,,1407,6,6,1755,6,6,1663,4,6,1501,4,5,1362,4,5,1699,4,3,1496,4,4,1400,2,2,,1,63,2,5eac70db94edd22d57fa00c4,8
2022-04-22 16:26:14,2022-04-22 16:32:12,0,31.50.252.211,100,358,1,2022-04-22 16:32:13,R_3NOnmrpxYHWQ39j,,,,,57.6533,-3.3219,anonymous,EN,1,"I pay attention ",1514,4,4,1294,3,2,1630,4,4,1427,4,3,1249,2,3,1624,4,4,1397,2,3,1600,4,5,,,,,,,,,,,,,,,,,,,,,,,,,,,,,,,,,,,,,,,,,,,,,,,,,,1,69,7,5abf047d1667e40001d82e45,8
2022-04-22 16:28:42,2022-04-22 16:32:14,0,77.102.41.58,100,211,1,2022-04-22 16:32:14,R_11dThXYjDxpJ92y,,,,,53.6055,-3.0316,anonymous,EN,1,I pay attention,1555,6,8,1329,6,8,1668,8,8,1477,8,8,1294,3,3,1602,3,3,1316,2,2,1588,5,5,,,,,,,,,,,,,,,,,,,,,,,,,,,,,,,,,,,,,,,,,,,,,,,,,,1,45,4,5ddd9d0e40460ecfff653cb5,8
2022-04-22 16:27:27,2022-04-22 16:32:19,0,86.133.222.210,100,291,1,2022-04-22 16:32:19,R_2di24TLBFE5wy8m,,,,,50.7976,0.3029,anonymous,EN,1,I pay attention,1515,5,4,1320,5,4,1623,5,4,1408,5,4,1255,4,4,1668,3,3,1368,4,3,1625,3,3,,,,,,,,,,,,,,,,,,,,,,,,,,,,,,,,,,,,,,,,,,,,,,,,,,1,44,2,611641c6583d8bab5012dee0,8
2022-04-22 16:26:19,2022-04-22 16:32:35,0,81.99.96.124,100,375,1,2022-04-22 16:32:35,R_21aXQsEKFKcFVSX,,,,,55.8306,-4.2593,anonymous,EN,1,I pay attention,1532,6,5,1323,4,5,1628,6,5,1427,6,5,1389,4,4,1607,5,5,1325,3,3,1590,3,4,,,,,,,,,,,,,,,,,,,,,,,,,,,,,,,,,,,,,,,,,,,,,,,,,,1,40,4,60c71db92651d246c6081107,8
2022-04-22 16:28:12,2022-04-22 16:32:43,0,213.205.192.152,100,271,1,2022-04-22 16:32:43,R_2RR1d60KTEQ9Un9,,,,,53.6393,-1.5249,anonymous,EN,1,"I pay attention ",,,,,,,,,,,,,,,,,,,,,,,,,1568,3,3,1356,5,5,1505,4,3,1351,6,6,1582,3,4,1326,5,3,1404,2,4,1713,2,4,,,,,,,,,,,,,,,,,,,,,,,,,,1,25,2,6123a6a7ecf260c2a9b25733,8
2022-04-22 16:28:58,2022-04-22 16:32:43,0,92.236.113.143,100,225,1,2022-04-22 16:32:44,R_1HjEUzF3PqxkFdy,,,,,55.9489,-3.1632,anonymous,EN,1,I pay attention,1535,6,5,1331,5,5,1620,5,5,1430,5,4,1273,3,3,1573,5,3,1355,2,3,1630,1,2,,,,,,,,,,,,,,,,,,,,,,,,,,,,,,,,,,,,,,,,,,,,,,,,,,1,53,5,60264f219516732a1dc72394,8
2022-04-22 16:25:04,2022-04-22 16:33:12,0,82.1.202.222,100,487,1,2022-04-22 16:33:12,R_241VjX7GoIAlUAE,,,,,52.9044,-1.2326,anonymous,EN,1,I pay attention,,,,,,,,,,,,,,,,,,,,,,,,,1548,5,6,1400,6,6,1519,3,5,1503,1,4,1555,2,2,1513,2,3,1677,2,2,1823,5,5,,,,,,,,,,,,,,,,,,,,,,,,,,1,62,3,622a6dc874038359001a9e95,8
2022-04-22 16:29:32,2022-04-22 16:33:44,0,82.26.113.79,100,252,1,2022-04-22 16:33:45,R_3HoIxvpuWb9RiX4,,,,,50.368,-4.1329,anonymous,EN,1,I pay attention,1517,5,6,1287,5,4,1624,5,5,1444,4,5,1218,3,2,1579,3,3,1335,2,2,1625,2,2,,,,,,,,,,,,,,,,,,,,,,,,,,,,,,,,,,,,,,,,,,,,,,,,,,1,28,6,5e2a2b0f3d25b70994890969,8
2022-04-22 16:28:53,2022-04-22 16:34:35,0,94.174.33.36,100,342,1,2022-04-22 16:34:36,R_qBZJicYUjldDkD7,,,,,56.5292,-3.0745,anonymous,EN,1,I pay attention,,,,,,,,,,,,,,,,,,,,,,,,,,,,,,,,,,,,,,,,,,,,,,,,,1338,2,4,1699,5,5,1688,5,6,1539,4,5,1676,2,2,1628,2,2,1501,2,4,1378,1,2,,1,39,6,5ea6eba9aba41b078b6a832f,8
2022-04-22 16:27:26,2022-04-22 16:34:41,0,148.252.128.38,100,434,1,2022-04-22 16:34:41,R_OrSdbOYk1sc5Sud,,,,,51.4964,-0.1224,anonymous,EN,1,"I pay attention ",,,,,,,,,,,,,,,,,,,,,,,,,,,,,,,,,,,,,,,,,,,,,,,,,1397,4,3,1688,4,4,1698,4,4,1542,5,5,1567,1,1,1622,1,1,1486,5,5,1405,2,2,,1,48,2,5c463bc8b05faa0001d62716,8
2022-04-22 16:24:39,2022-04-22 16:34:49,0,209.93.21.87,100,609,1,2022-04-22 16:34:49,R_3KUrY1tqwjFjX5m,,,,,51.4566,-0.968,anonymous,EN,1,I pay attention,1524,8,8,1313,6,6,1631,6,6,1430,5,5,1341,2,2,1615,4,3,1411,1,2,1596,2,2,,,,,,,,,,,,,,,,,,,,,,,,,,,,,,,,,,,,,,,,,,,,,,,,,,1,34,5,59655329a670a10001942540,8
2022-04-22 16:28:05,2022-04-22 16:34:53,0,31.124.133.205,100,407,1,2022-04-22 16:34:53,R_3D6Gz65AqrxFw6C,,,,,52.9029,-1.5046,anonymous,EN,1,I pay attention,1545,4,5,1315,5,3,1611,6,5,1307,4,3,1368,3,3,1621,3,6,1379,6,4,1592,3,4,,,,,,,,,,,,,,,,,,,,,,,,,,,,,,,,,,,,,,,,,,,,,,,,,,1,32,4,5a847fd2aa46dd00016ba03c,8
2022-04-22 16:30:11,2022-04-22 16:35:05,0,82.40.197.159,100,293,1,2022-04-22 16:35:05,R_1hFG5sSkAS9rTaZ,,,,,52.4259,-1.4628,anonymous,EN,1,i pay attention,,,,,,,,,,,,,,,,,,,,,,,,,1514,6,4,1383,5,5,1470,5,5,1328,6,6,1549,2,2,1287,1,1,1661,1,1,1775,6,6,,,,,,,,,,,,,,,,,,,,,,,,,,1,52,3,6156fef1e85e93bd92ba45ee,8
2022-04-22 16:28:33,2022-04-22 16:35:05,0,82.10.72.39,100,392,1,2022-04-22 16:35:06,R_1FrzwxsycJInUaR,,,,,55.0101,-1.8818,anonymous,EN,1,I pay attention,,,,,,,,,,,,,,,,,,,,,,,,,1534,5,6,1387,8,6,1504,5,5,1346,6,6,1659,1,2,1584,5,2,1756,2,4,1752,5,6,,,,,,,,,,,,,,,,,,,,,,,,,,1,65,3,575eab31862b0f0006cd7dec,8
2022-04-22 16:28:31,2022-04-22 16:35:21,0,92.20.252.213,100,410,1,2022-04-22 16:35:22,R_XTH3o74flZeyBsR,,,,,51.434,0.3486,anonymous,EN,1,I PAY ATTENTION,,,,,,,,,,,,,,,,,,,,,,,,,,,,,,,,,,,,,,,,,,,,,,,,,1383,5,5,1701,5,5,1659,5,5,1541,5,5,1654,4,4,1662,5,4,1483,5,4,1439,4,4,,1,65,5,5f9eb2b4530d3e45e450e42e,8
2022-04-22 16:29:25,2022-04-22 16:35:25,0,90.198.172.155,100,359,1,2022-04-22 16:35:26,R_1MKT9HUyiMfHV99,,,,,52.1915,-0.8986,anonymous,EN,1,I pay attention,,,,,,,,,,,,,,,,,,,,,,,,,,,,,,,,,,,,,,,,,,,,,,,,,1361,5,5,1715,4,5,1670,6,6,1486,4,4,1532,4,4,1604,4,4,1497,4,4,1382,3,5,,1,38,4,5aa7e3a66475f90001a06f7e,8
2022-04-22 16:27:39,2022-04-22 16:36:16,0,51.199.195.72,100,517,1,2022-04-22 16:36:17,R_A5QETorLPN0dAdj,,,,,53.0786,-1.2383,anonymous,EN,1,I pay attention,,,,,,,,,,,,,,,,,,,,,,,,,,,,,,,,,,,,,,,,,,,,,,,,,1370,5,6,1690,4,5,1666,5,8,1524,4,5,1570,2,4,1627,3,2,1477,4,5,1352,3,3,,1,38,3,60ccc83bea0576d2f30da90b,8
2022-04-22 16:28:53,2022-04-22 16:37:28,0,5.198.67.143,100,514,1,2022-04-22 16:37:28,R_3Rdsw9obsXjpDkT,,,,,53.7678,-0.3005,anonymous,EN,1,I pay attention,,,,,,,,,,,,,,,,,,,,,,,,,1572,3,5,1322,4,3,1453,4,3,1333,6,4,1639,2,4,1527,2,5,1651,4,5,1747,3,5,,,,,,,,,,,,,,,,,,,,,,,,,,1,35,5,5f3a9a262fd4896cfdf870a8,8
2022-04-22 16:44:37,2022-04-22 16:49:36,0,109.149.130.49,100,299,1,2022-04-22 16:49:37,R_31WyfcWOddIg9Ms,,,,,51.1278,-3.0001,anonymous,EN,1,"I pay attention ",,,,,,,,,,,,,,,,,,,,,,,,,1550,5,5,1387,4,4,1484,4,4,1332,5,6,1530,5,4,1625,4,4,1716,3,3,1762,6,6,,,,,,,,,,,,,,,,,,,,,,,,,,1,56,4,5ecd22e76997ec03464c71aa,8
2022-04-22 16:56:42,2022-04-22 16:59:20,0,150.204.19.212,100,158,1,2022-04-22 16:59:20,R_3CCPLIOsV2T4Cb4,,,,,53.4113,-2.9759,anonymous,EN,1,i pay attention,1614,2,5,1313,2,5,1654,2,5,1434,6,6,1311,6,3,1668,4,4,1765,3,5,1641,5,4,,,,,,,,,,,,,,,,,,,,,,,,,,,,,,,,,,,,,,,,,,,,,,,,,,1,21,5,5eb151cc6e76f820eb3a330b,8
