Submission id,Participant id,Status,Started at,Completed at,Reviewed at,Archived at,Time taken,Completion code,Total approvals,Age,Sex,Ethnicity simplified,Country of birth,Country of residence,Nationality,Language,Student status,Employment status
643954fc9688a7ab941b0e52,5bec91e66cb00e00015b8a7b,AWAITING REVIEW,2023-04-14T13:29:11.650000Z,2023-04-14T13:34:01.771000Z,,2023-04-14T13:34:03.121516Z,291,5A34BA6B,1084,33,Female,White,United Kingdom,United Kingdom,United Kingdom,English,No,Part-Time
643954fca121bd591c512de5,5b0710e7a84dcf0001beee8a,AWAITING REVIEW,2023-04-14T13:28:33.773000Z,2023-04-14T13:35:15.383000Z,,2023-04-14T13:35:15.913523Z,402,5A34BA6B,1408,56,Female,Mixed,Singapore,United Kingdom,United Kingdom,English,No,Part-Time
643954fd1016db7791dee9a5,5e110747dc265f7d25341439,AWAITING REVIEW,2023-04-14T13:28:32.201000Z,2023-04-14T13:30:44.216000Z,,2023-04-14T13:30:44.744068Z,133,5A34BA6B,1360,44,Female,White,United Kingdom,United Kingdom,United Kingdom,English,No,Part-Time
643954fe14bd40fbf628008a,5dfedfbb557425b599c8c523,AWAITING REVIEW,2023-04-14T13:28:36.342000Z,2023-04-14T13:33:22.175000Z,,2023-04-14T13:33:22.670779Z,286,5A34BA6B,1344,54,Female,White,United Kingdom,United Kingdom,United Kingdom,English,No,Part-Time
643954ff05f22a6c7c0a2f86,5b59ea857ac6d70001aae449,AWAITING REVIEW,2023-04-14T13:28:31.734000Z,2023-04-14T13:31:53.783000Z,,2023-04-14T13:31:54.309108Z,203,5A34BA6B,639,28,Female,White,United Kingdom,United Kingdom,United Kingdom,English,No,"Not in paid work (e.g. homemaker', 'retired or disabled)"
643954ffb2ce4d90a865d503,5b52f4933234ab00014ca442,AWAITING REVIEW,2023-04-14T13:28:31.310000Z,2023-04-14T13:32:20.984000Z,,2023-04-14T13:32:36.740152Z,230,5A34BA6B,1029,26,Female,White,United Kingdom,United Kingdom,United Kingdom,English,No,"Not in paid work (e.g. homemaker', 'retired or disabled)"
643954ffd80b9d89e48b0b7d,5a0c4184fe645f0001e9f5dd,AWAITING REVIEW,2023-04-14T13:28:33.917000Z,2023-04-14T13:31:33.493000Z,,2023-04-14T13:31:34.332828Z,180,5A34BA6B,1428,38,Female,White,United Kingdom,United Kingdom,United Kingdom,English,No,Other
6439550013e0d5ff7ee0fb45,5d8b66f5d189bd001a378273,AWAITING REVIEW,2023-04-14T13:28:34.804000Z,2023-04-14T13:31:58.241000Z,,2023-04-14T13:32:01.890274Z,204,5A34BA6B,1433,45,Female,White,United Kingdom,United Kingdom,United Kingdom,English,No,"Not in paid work (e.g. homemaker', 'retired or disabled)"
643955002f14a9d8173bc634,5c7b143b670f87000146d3a6,AWAITING REVIEW,2023-04-14T13:28:36.794000Z,2023-04-14T13:33:16.455000Z,,2023-04-14T13:33:17.027005Z,280,5A34BA6B,881,40,Female,Black,United Kingdom,United Kingdom,United Kingdom,English,No,Full-Time
6439550030496f9baa5116b1,59a696b2cf8b8d000177201d,AWAITING REVIEW,2023-04-14T13:29:02.427000Z,2023-04-14T13:31:47.213000Z,,2023-04-14T13:31:48.180402Z,165,5A34BA6B,53,36,Female,White,United Kingdom,United Kingdom,United Kingdom,English,No,DATA_EXPIRED
6439550035dc6589352abf16,5f18523cacf5301605a612b7,AWAITING REVIEW,2023-04-14T13:28:35.905000Z,2023-04-14T13:32:37.873000Z,,2023-04-14T13:32:38.326092Z,242,5A34BA6B,187,21,Female,White,United Kingdom,United Kingdom,United Kingdom,Polish,Yes,Unemployed (and job seeking)
64395501238ef24d457973bc,5aeaee620ef2f20001859359,AWAITING REVIEW,2023-04-14T13:28:36.719000Z,2023-04-14T13:31:48.150000Z,,2023-04-14T13:31:48.848693Z,192,5A34BA6B,140,30,Female,White,United Kingdom,United Kingdom,United Kingdom,English,Yes,Full-Time
6439550131c816316270c7da,5bc07659b8d38c0001de0516,AWAITING REVIEW,2023-04-14T13:28:37.373000Z,2023-04-14T13:35:06.969000Z,,2023-04-14T13:35:07.988673Z,390,5A34BA6B,953,47,Female,White,United Kingdom,United Kingdom,United Kingdom,English,No,Unemployed (and job seeking)
643955027285d78c6c4dae7b,5c0873675b32d500012e3f2c,AWAITING REVIEW,2023-04-14T13:28:34.786000Z,2023-04-14T13:36:13.819000Z,,2023-04-14T13:36:15.273999Z,460,5A34BA6B,2021,61,Female,White,United Kingdom,United Kingdom,United Kingdom,English,No,"Not in paid work (e.g. homemaker', 'retired or disabled)"
64395502b442219e42b44a38,57618e8a25224a0006d3756e,AWAITING REVIEW,2023-04-14T13:28:36.235000Z,2023-04-14T13:33:24.551000Z,,2023-04-14T13:33:24.955767Z,289,5A34BA6B,903,38,Female,White,United Kingdom,United Kingdom,United Kingdom,English,No,"Not in paid work (e.g. homemaker', 'retired or disabled)"
6439550311144237ee05043e,57fde8979c39b3000179e347,AWAITING REVIEW,2023-04-14T13:28:37.208000Z,2023-04-14T13:33:01.371000Z,,2023-04-14T13:33:03.957854Z,265,5A34BA6B,1827,57,Female,White,United Kingdom,United Kingdom,United Kingdom,English,No,"Not in paid work (e.g. homemaker', 'retired or disabled)"
64395503d3df63c7b460e416,5b100cb0a3553300017541c8,AWAITING REVIEW,2023-04-14T13:28:35.372000Z,2023-04-14T13:32:56.112000Z,,2023-04-14T13:32:56.556078Z,261,5A34BA6B,1986,63,Female,White,United Kingdom,United Kingdom,United Kingdom,English,No,"Not in paid work (e.g. homemaker', 'retired or disabled)"
643955041d1ddbde061f6989,5f75d01a857e4e27a575f7ca,AWAITING REVIEW,2023-04-14T13:28:37.929000Z,2023-04-14T13:31:42.217000Z,,2023-04-14T13:31:42.632251Z,185,5A34BA6B,1419,41,Female,White,United Kingdom,United Kingdom,United Kingdom,English,No,Full-Time
64395504f1e79026f1b3e4e5,62e968ffd7078370fb3ce83a,AWAITING REVIEW,2023-04-14T13:28:40.028000Z,2023-04-14T13:31:12.603000Z,,2023-04-14T13:31:13.049439Z,153,5A34BA6B,241,52,Female,White,United Kingdom,United Kingdom,United Kingdom,English,No,Full-Time
643955068fe67aca4dcd6267,5967e9a831394d0001abdb3f,AWAITING REVIEW,2023-04-14T13:28:38.266000Z,2023-04-14T13:32:43.275000Z,,2023-04-14T13:32:43.770637Z,246,5A34BA6B,1964,58,Female,White,United Kingdom,United Kingdom,United Kingdom,English,No,Part-Time
64395506fc334beffa935bd4,5d38419810801e001ae58771,AWAITING REVIEW,2023-04-14T13:28:40.757000Z,2023-04-14T13:32:01.617000Z,,2023-04-14T13:32:03.450771Z,201,5A34BA6B,105,42,Female,White,United Kingdom,United Kingdom,United Kingdom,English,Yes,Full-Time
643955074451716ae98b6fdf,596cb7a35ad3920001cae434,AWAITING REVIEW,2023-04-14T13:28:42.095000Z,2023-04-14T13:35:10.957000Z,,2023-04-14T13:35:11.422661Z,389,5A34BA6B,1161,24,Male,White,United Kingdom,United Kingdom,United Kingdom,English,DATA_EXPIRED,DATA_EXPIRED
6439550855483f05e365d589,59e39cc9c0d35a0001294f20,AWAITING REVIEW,2023-04-14T13:28:41.928000Z,2023-04-14T13:36:08.187000Z,,2023-04-14T13:36:08.881541Z,447,5A34BA6B,2492,69,Male,White,United Kingdom,United Kingdom,United Kingdom,English,No,"Not in paid work (e.g. homemaker', 'retired or disabled)"
64395508e2b84d80db8b0b55,5956697216b84c00012b9e72,AWAITING REVIEW,2023-04-14T13:28:44.130000Z,2023-04-14T13:32:57.657000Z,,2023-04-14T13:32:58.130413Z,254,5A34BA6B,248,29,Female,Black,United Kingdom,United Kingdom,United Kingdom,English,No,"Not in paid work (e.g. homemaker', 'retired or disabled)"
64395509b98a146fc351c4f5,571b79495d40840009c448fe,AWAITING REVIEW,2023-04-14T13:28:46.796000Z,2023-04-14T13:31:42.361000Z,,2023-04-14T13:31:43.284610Z,176,5A34BA6B,1274,44,Female,White,United Kingdom,United Kingdom,United Kingdom,English,No,Full-Time
64395509dd2c6743831d5625,5b421b9ac2e3810001763252,AWAITING REVIEW,2023-04-14T13:28:41.646000Z,2023-04-14T13:36:02.164000Z,,2023-04-14T13:36:02.753266Z,441,5A34BA6B,1852,35,Female,Mixed,United Kingdom,United Kingdom,United Kingdom,English,No,Part-Time
64395509f539b4462f713c45,63c5996aff7ec475ae83bf3f,AWAITING REVIEW,2023-04-14T13:28:48.157000Z,2023-04-14T13:32:07.078000Z,,2023-04-14T13:32:08.515049Z,199,5A34BA6B,135,50,Female,White,United Kingdom,United Kingdom,United Kingdom,English,No,Part-Time
6439550a26b1a2ea37ec8b88,594e2ffc27f8fb000162078b,AWAITING REVIEW,2023-04-14T13:28:47.866000Z,2023-04-14T13:31:12.893000Z,,2023-04-14T13:31:13.310968Z,146,5A34BA6B,1394,43,Female,White,United Kingdom,United Kingdom,United Kingdom,English,No,Part-Time
6439550a2ad032687e533b23,61164d927b3dfed553f70e86,AWAITING REVIEW,2023-04-14T13:28:42.780000Z,2023-04-14T13:31:10.594000Z,,2023-04-14T13:31:11.306985Z,148,5A34BA6B,136,24,Female,White,United Kingdom,United Kingdom,United Kingdom,English,No,Full-Time
6439550a5a2db216dd22f064,5a904702f053610001718d5d,AWAITING REVIEW,2023-04-14T13:29:05.678000Z,2023-04-14T13:31:43.659000Z,,2023-04-14T13:31:45.980074Z,158,5A34BA6B,209,39,Male,White,United Kingdom,United Kingdom,United Kingdom,English,No,Full-Time
6439550a5ff11bd15128009d,5e459f61418f610891628564,AWAITING REVIEW,2023-04-14T13:28:47.038000Z,2023-04-14T13:33:08.788000Z,,2023-04-14T13:33:09.261088Z,262,5A34BA6B,1390,33,Male,White,United Kingdom,United Kingdom,United Kingdom,English,No,Full-Time
6439550aa38ded471f711b28,63039a527238a4aea7033505,AWAITING REVIEW,2023-04-14T13:28:45.675000Z,2023-04-14T13:31:12.968000Z,,2023-04-14T13:31:13.446775Z,148,5A34BA6B,354,39,Female,White,United Kingdom,United Kingdom,United Kingdom,English,No,Full-Time
6439550adb747453a83398ef,5ee4a14b578f8a000b384376,AWAITING REVIEW,2023-04-14T13:28:47.513000Z,2023-04-14T13:34:22.084000Z,,2023-04-14T13:34:22.675955Z,335,5A34BA6B,30,47,Male,White,United Kingdom,United Kingdom,United Kingdom,English,No,Full-Time
6439550b093ea79d589a0683,5d812e3c613aa900188746a6,AWAITING REVIEW,2023-04-14T13:28:43.054000Z,2023-04-14T13:34:47.392000Z,,2023-04-14T13:34:48.043886Z,365,5A34BA6B,1000,65,Female,White,United Kingdom,United Kingdom,United Kingdom,English,No,Unemployed (and job seeking)
6439550b2b70617f24992a8b,63f77dc98bfabd95812edc2c,AWAITING REVIEW,2023-04-14T13:29:02.653000Z,2023-04-14T13:32:53.557000Z,,2023-04-14T13:32:54.089691Z,231,5A34BA6B,95,36,Female,White,United Kingdom,United Kingdom,United Kingdom,English,No,"Not in paid work (e.g. homemaker', 'retired or disabled)"
6439550b648ec92475d19abb,5de7900ceb1b0a6fe754b2c6,AWAITING REVIEW,2023-04-14T13:28:43.575000Z,2023-04-14T13:35:50.027000Z,,2023-04-14T13:35:50.467731Z,427,5A34BA6B,1351,39,Male,White,United Kingdom,United Kingdom,United Kingdom,English,No,Unemployed (and job seeking)
6439550b6ebc7b348374e503,568b76fa39a70e000c57b07a,AWAITING REVIEW,2023-04-14T13:28:43.796000Z,2023-04-14T13:31:52.933000Z,,2023-04-14T13:31:55.538041Z,190,5A34BA6B,2030,57,Female,White,United Kingdom,United Kingdom,United Kingdom,English,No,Other
6439550b75c9a3fd4f95587c,60819ba1a8862e33495f8914,AWAITING REVIEW,2023-04-14T13:28:52.246000Z,2023-04-14T13:32:45.446000Z,,2023-04-14T13:32:45.845820Z,234,5A34BA6B,753,31,Male,White,United Kingdom,United Kingdom,United Kingdom,English,DATA_EXPIRED,DATA_EXPIRED
6439550c7200f8b1c09cfc3f,5dc3fe9b547c1f2dabd5a67b,AWAITING REVIEW,2023-04-14T13:28:48.117000Z,2023-04-14T13:32:21.790000Z,,2023-04-14T13:32:31.039266Z,214,5A34BA6B,530,23,Female,White,United Kingdom,United Kingdom,United Kingdom,English,No,"Not in paid work (e.g. homemaker', 'retired or disabled)"
6439550c8eab711bed8b6f82,5d31c201c88f0e001a4c3cb3,AWAITING REVIEW,2023-04-14T13:28:47.786000Z,2023-04-14T13:31:42.335000Z,,2023-04-14T13:31:44.772401Z,175,5A34BA6B,1660,61,Male,White,United Kingdom,United Kingdom,United Kingdom,English,No,Full-Time
6439550c93bef1c82b12aca2,5ef647ec3ce68a1178780f5a,AWAITING REVIEW,2023-04-14T13:28:44.127000Z,2023-04-14T13:32:44.963000Z,,2023-04-14T13:32:45.424544Z,241,5A34BA6B,1062,45,Female,White,United Kingdom,United Kingdom,United Kingdom,English,No,"Not in paid work (e.g. homemaker', 'retired or disabled)"
6439550cbeb488cd77cd6246,5edca29654fe059801608fc0,AWAITING REVIEW,2023-04-14T13:28:50.730000Z,2023-04-14T13:33:29.383000Z,,2023-04-14T13:33:29.873449Z,279,5A34BA6B,905,38,Female,White,United Kingdom,United Kingdom,United Kingdom,English,No,Part-Time
6439550ccbe50f51c08b0b73,60abec02335b7be9cb42c01c,AWAITING REVIEW,2023-04-14T13:28:50.605000Z,2023-04-14T13:34:13.030000Z,,2023-04-14T13:34:13.877283Z,323,5A34BA6B,639,51,Male,White,United Kingdom,United Kingdom,United Kingdom,English,No,DATA_EXPIRED
6439550d37919d4ce17fd1fe,60f947d95eff24428af21d37,AWAITING REVIEW,2023-04-14T13:28:55.371000Z,2023-04-14T13:34:19.817000Z,,2023-04-14T13:34:20.411629Z,325,5A34BA6B,277,60,Female,White,United Kingdom,United Kingdom,United Kingdom,English,No,Other
6439550d3b487e4e91173784,5d920df12b679a00182bbc73,AWAITING REVIEW,2023-04-14T13:28:45.636000Z,2023-04-14T13:32:23.587000Z,,2023-04-14T13:32:25.263046Z,218,5A34BA6B,1821,37,Female,White,United Kingdom,United Kingdom,United Kingdom,English,No,Full-Time
6439550d3c97f70d1f511747,60c20abfdccab926283d8f7f,AWAITING REVIEW,2023-04-14T13:28:45.429000Z,2023-04-14T13:33:22.021000Z,,2023-04-14T13:33:22.473653Z,277,5A34BA6B,1115,26,Female,White,United Kingdom,United Kingdom,United Kingdom,English,No,Part-Time
6439550dc7a1c332bbec8b06,63874f631a1cdae0188d4e7a,AWAITING REVIEW,2023-04-14T13:28:48.006000Z,2023-04-14T13:35:03.566000Z,,2023-04-14T13:35:04.106608Z,376,5A34BA6B,254,58,Female,White,United Kingdom,United Kingdom,United Kingdom,English,No,"Not in paid work (e.g. homemaker', 'retired or disabled)"
6439550dd820db50c90ced51,5ef7c6094ffead5091899f98,AWAITING REVIEW,2023-04-14T13:28:45.677000Z,2023-04-14T13:32:55.359000Z,,2023-04-14T13:32:56.228208Z,250,5A34BA6B,851,24,Male,White,United Kingdom,United Kingdom,United Kingdom,English,Yes,Part-Time
6439550df2e29f5299bc2609,5d960c43fbfe0500171450c7,AWAITING REVIEW,2023-04-14T13:28:48.436000Z,2023-04-14T13:31:21.085000Z,,2023-04-14T13:31:21.548918Z,153,5A34BA6B,717,52,Male,White,United Kingdom,United Kingdom,United Kingdom,English,No,Full-Time
6439550e6520ed731022f04b,5a04820f120fb300019484e7,AWAITING REVIEW,2023-04-14T13:28:51.841000Z,2023-04-14T13:33:36.589000Z,,2023-04-14T13:33:36.968578Z,285,5A34BA6B,14,26,Female,White,United Kingdom,United Kingdom,United Kingdom,English,No,"Not in paid work (e.g. homemaker', 'retired or disabled)"
6439550e6bcad79ece0503c5,6156fef09d1ab07148870099,AWAITING REVIEW,2023-04-14T13:28:51.236000Z,2023-04-14T13:33:58.796000Z,,2023-04-14T13:33:59.351809Z,308,5A34BA6B,1068,46,Female,White,United Kingdom,United Kingdom,United Kingdom,English,No,Full-Time
6439550ea605002ea98062f8,5f105fb050ae3d02c17bf90e,AWAITING REVIEW,2023-04-14T13:28:46.436000Z,2023-04-14T13:32:05.123000Z,,2023-04-14T13:32:05.827111Z,199,5A34BA6B,109,20,Female,White,United Kingdom,United Kingdom,United Kingdom,English,Yes,Part-Time
6439550ef2e29f5299bc260a,566feba6b937e400052d33b2,AWAITING REVIEW,2023-04-14T13:28:46.768000Z,2023-04-14T13:33:30.322000Z,,2023-04-14T13:33:30.710132Z,284,5A34BA6B,3402,41,Male,White,United Kingdom,United Kingdom,United Kingdom,English,DATA_EXPIRED,DATA_EXPIRED
6439550f38c3ff20c5e21ea8,616d8ff5eeb9a8616afa647d,AWAITING REVIEW,2023-04-14T13:28:51.266000Z,2023-04-14T13:31:59.441000Z,,2023-04-14T13:32:05.578193Z,189,5A34BA6B,910,61,Male,White,United Kingdom,United Kingdom,United Kingdom,English,DATA_EXPIRED,DATA_EXPIRED
6439550f39edb3c4cc6c1aaa,5ce15b0ea7b516001828c646,AWAITING REVIEW,2023-04-14T13:28:54.369000Z,2023-04-14T13:33:05.800000Z,,2023-04-14T13:33:06.443772Z,252,5A34BA6B,1886,59,Male,White,United Kingdom,United Kingdom,United Kingdom,English,No,Full-Time
6439550f46e11a1d832f2938,6048d527affd1428c830c2e2,AWAITING REVIEW,2023-04-14T13:28:53.827000Z,2023-04-14T13:31:44.328000Z,,2023-04-14T13:31:44.886995Z,171,5A34BA6B,930,63,Female,White,United Kingdom,United Kingdom,United Kingdom,English,No,Full-Time
6439550f829c5fe136197571,60aa79fa99f7d53701b02256,AWAITING REVIEW,2023-04-14T13:28:53.642000Z,2023-04-14T13:43:24.268000Z,,2023-04-14T13:43:24.850391Z,871,5A34BA6B,914,27,Female,White,United Kingdom,United Kingdom,United Kingdom,English,No,"Not in paid work (e.g. homemaker', 'retired or disabled)"
6439550f9cc6a93f763bc604,5f84d5846e8c4a1a720c6dd2,AWAITING REVIEW,2023-04-14T13:28:51.096000Z,2023-04-14T13:32:10.260000Z,,2023-04-14T13:32:11.348103Z,200,5A34BA6B,301,44,Female,White,United Kingdom,United Kingdom,United Kingdom,English,No,Full-Time
6439550fc37017323b82cf39,617406fbfced12169896d158,AWAITING REVIEW,2023-04-14T13:29:22.484000Z,2023-04-14T13:36:25.168000Z,,2023-04-14T13:36:25.727166Z,423,5A34BA6B,1033,58,Female,White,United Kingdom,United Kingdom,United Kingdom,English,No,"Not in paid work (e.g. homemaker', 'retired or disabled)"
6439551074190aafbf935c59,627a76715c52f43dd8b4f6a2,AWAITING REVIEW,2023-04-14T13:28:51.309000Z,2023-04-14T13:32:56.062000Z,,2023-04-14T13:32:56.565810Z,245,5A34BA6B,535,39,Female,White,Poland,United Kingdom,United Kingdom,Polish,No,Full-Time
643955108f7fb6e738e6d6b2,5e5521580ee1b951df544c3c,AWAITING REVIEW,2023-04-14T13:28:47.988000Z,2023-04-14T13:32:10.773000Z,,2023-04-14T13:32:21.502368Z,203,5A34BA6B,1399,43,Male,White,United Kingdom,United Kingdom,United Kingdom,English,No,DATA_EXPIRED
64395510c87843fe11e81841,604fa685e33606f9a0ee8189,AWAITING REVIEW,2023-04-14T13:28:48.883000Z,2023-04-14T13:34:45.760000Z,,2023-04-14T13:34:46.296549Z,357,5A34BA6B,1634,26,Female,White,United Kingdom,United Kingdom,United Kingdom,English,Yes,Full-Time
64395510d6eadd5c09619976,5a771465eea3d300016de2e1,AWAITING REVIEW,2023-04-14T13:28:51.921000Z,2023-04-14T13:32:18.995000Z,,2023-04-14T13:32:28.460542Z,208,5A34BA6B,1648,53,Female,Mixed,United Kingdom,United Kingdom,United Kingdom,English,No,Full-Time
64395510dd2c6743831d5627,5dee11c6d35cc34acae7c301,AWAITING REVIEW,2023-04-14T13:28:54.938000Z,2023-04-14T13:33:00.692000Z,,2023-04-14T13:33:01.230036Z,246,5A34BA6B,1521,68,Male,White,United Kingdom,United Kingdom,United Kingdom,English,No,"Not in paid work (e.g. homemaker', 'retired or disabled)"
643955113559996ecde3e04e,58642f6cda731b0001049ad5,AWAITING REVIEW,2023-04-14T13:29:07.072000Z,2023-04-14T13:31:36.484000Z,,2023-04-14T13:31:38.670226Z,150,5A34BA6B,80,57,Female,White,United Kingdom,United Kingdom,United Kingdom,English,No,"Not in paid work (e.g. homemaker', 'retired or disabled)"
64395511ae6c85236f74e4b5,5af15fc9e1b5b8000148a99d,AWAITING REVIEW,2023-04-14T13:28:58.017000Z,2023-04-14T13:33:37.575000Z,,2023-04-14T13:33:37.935946Z,280,5A34BA6B,421,49,Female,White,United Kingdom,United Kingdom,United Kingdom,English,No,"Not in paid work (e.g. homemaker', 'retired or disabled)"
64395511beb488cd77cd6248,63edee4b5034b267d8fad626,AWAITING REVIEW,2023-04-14T13:28:53.910000Z,2023-04-14T13:30:39.220000Z,,2023-04-14T13:30:39.688055Z,106,5A34BA6B,76,34,Male,White,United Kingdom,United Kingdom,United Kingdom,English,No,Full-Time
64395511e0b3a6e84c5b218e,60fac7ec133b6bf250d6d668,AWAITING REVIEW,2023-04-14T13:28:58.007000Z,2023-04-14T13:31:46.097000Z,,2023-04-14T13:31:47.754065Z,169,5A34BA6B,761,22,Male,White,United Kingdom,United Kingdom,United Kingdom,English,Yes,Unemployed (and job seeking)
64395511f2d61feb5ee0fb03,5a42bf437aebf700011530ca,AWAITING REVIEW,2023-04-14T13:28:54.069000Z,2023-04-14T13:32:02.383000Z,,2023-04-14T13:32:08.918662Z,189,5A34BA6B,656,44,Female,White,United Kingdom,United Kingdom,United Kingdom,English,No,DATA_EXPIRED
643955123937bf3d691d5629,5ce2cde71d1060001a811155,AWAITING REVIEW,2023-04-14T13:28:57.533000Z,2023-04-14T13:32:45.007000Z,,2023-04-14T13:32:45.505270Z,228,5A34BA6B,1745,52,Female,White,United Kingdom,United Kingdom,United Kingdom,English,No,Full-Time
64395512aa4d12d31451223e,5def4e6e09c1075da1ee992b,AWAITING REVIEW,2023-04-14T13:28:50.468000Z,2023-04-14T13:31:46.206000Z,,2023-04-14T13:31:48.115648Z,176,5A34BA6B,1991,57,Female,White,United Kingdom,United Kingdom,United Kingdom,English,No,Full-Time
64395512dbda6bd563372f7d,5e9375259c9687000b26ec11,AWAITING REVIEW,2023-04-14T13:28:50.915000Z,2023-04-14T13:32:18.512000Z,,2023-04-14T13:32:21.503222Z,208,5A34BA6B,1494,34,Female,White,United Kingdom,United Kingdom,United Kingdom,English,Yes,Unemployed (and job seeking)
6439551341d9cb36238532a2,6154338edbb2b162894aaf9e,AWAITING REVIEW,2023-04-14T13:28:51.317000Z,2023-04-14T13:30:52.009000Z,,2023-04-14T13:30:52.443498Z,121,5A34BA6B,529,29,Female,White,United Kingdom,United Kingdom,United Kingdom,English,Yes,Part-Time
643955139a2ec0f968485bd4,6437b8b06c35957784d937f5,AWAITING REVIEW,2023-04-14T13:29:03.112000Z,2023-04-14T13:33:43.639000Z,,2023-04-14T13:33:44.091856Z,281,5A34BA6B,3,57,Female,White,United Kingdom,United Kingdom,United Kingdom,English,No,DATA_EXPIRED
643955139c45114eda51222f,60d5d5e0ad298e0617bf2788,AWAITING REVIEW,2023-04-14T13:28:51.676000Z,2023-04-14T13:33:18.774000Z,,2023-04-14T13:33:19.214481Z,268,5A34BA6B,41,22,Female,White,United Kingdom,United Kingdom,United Kingdom,English,No,Part-Time
643955143c97f70d1f511749,5c58244f62290e00012fa64c,AWAITING REVIEW,2023-04-14T13:28:56.873000Z,2023-04-14T13:32:32.941000Z,,2023-04-14T13:32:39.153524Z,217,5A34BA6B,1088,75,Female,White,United Kingdom,United Kingdom,United Kingdom,English,No,"Not in paid work (e.g. homemaker', 'retired or disabled)"
643955149e99b3cbd17deaf5,5cba2e9af429ff00159dda71,AWAITING REVIEW,2023-04-14T13:28:52.370000Z,2023-04-14T13:32:26.964000Z,,2023-04-14T13:32:32.124553Z,215,5A34BA6B,1385,59,Female,White,United Kingdom,United Kingdom,United Kingdom,English,No,Other
64395514d2700892461d7d82,5aad68f74ea21d000101c20c,AWAITING REVIEW,2023-04-14T13:29:11.414000Z,2023-04-14T13:32:50.983000Z,,2023-04-14T13:32:51.836196Z,220,5A34BA6B,1929,29,Male,White,United Kingdom,United Kingdom,United Kingdom,English,No,Full-Time
643955153b487e4e91173786,63d16c4758851c2e341702aa,AWAITING REVIEW,2023-04-14T13:29:01.837000Z,2023-04-14T13:34:41.034000Z,,2023-04-14T13:34:41.586571Z,340,5A34BA6B,100,39,Female,White,United Kingdom,United Kingdom,United Kingdom,English,No,Part-Time
643955157366327f1bbc25de,60748e255c2a885bd682efbe,AWAITING REVIEW,2023-04-14T13:28:53.193000Z,2023-04-14T13:35:05.297000Z,,2023-04-14T13:35:05.713349Z,373,5A34BA6B,659,58,Female,White,United Kingdom,United Kingdom,United Kingdom,English,No,"Not in paid work (e.g. homemaker', 'retired or disabled)"
64395515c5405ffafd5779d7,5fb249cbf1bb8b7db9bb8d13,AWAITING REVIEW,2023-04-14T13:28:56.907000Z,2023-04-14T13:33:32.628000Z,,2023-04-14T13:33:33.075698Z,276,5A34BA6B,1200,58,Female,White,United Kingdom,United Kingdom,United Kingdom,English,No,Full-Time
64395515c87843fe11e81843,5718a9c4dd9ef10013df01f0,AWAITING REVIEW,2023-04-14T13:28:57.756000Z,2023-04-14T13:36:11.111000Z,,2023-04-14T13:36:11.668896Z,434,5A34BA6B,2691,37,Female,White,United Kingdom,United Kingdom,United Kingdom,English,No,Full-Time
64395515ce4320aabd5a89a9,5ec79cbd44972a1fceed2719,AWAITING REVIEW,2023-04-14T13:28:53.827000Z,2023-04-14T13:37:25.785000Z,,2023-04-14T13:37:26.174487Z,512,5A34BA6B,1322,62,Male,White,United Kingdom,United Kingdom,United Kingdom,English,No,"Not in paid work (e.g. homemaker', 'retired or disabled)"
64395515d4286125a9533b82,62fcabf17fc3d7ef0952fb6c,AWAITING REVIEW,2023-04-14T13:29:00.124000Z,2023-04-14T13:31:28.270000Z,,2023-04-14T13:31:28.751661Z,149,5A34BA6B,329,26,Male,White,United Kingdom,United Kingdom,United Kingdom,English,No,Full-Time
64395515d8fe9dd9cce04b60,63d13c076dd249ca3a6bffbb,AWAITING REVIEW,2023-04-14T13:29:00.046000Z,2023-04-14T13:31:33.410000Z,,2023-04-14T13:31:34.355006Z,154,5A34BA6B,187,40,Male,Asian,United Kingdom,United Kingdom,United Kingdom,English,No,Full-Time
643955160ed6b3b83693d8e5,611edf22772b0561875ad94a,AWAITING REVIEW,2023-04-14T13:30:26.099000Z,2023-04-14T13:38:53.615000Z,,2023-04-14T13:38:54.027092Z,508,5A34BA6B,459,58,Female,White,United Kingdom,United Kingdom,United Kingdom,English,No,Part-Time
6439551657ff0b0cf20cedab,5bcd90020f10750001d807dc,AWAITING REVIEW,2023-04-14T13:30:00.515000Z,2023-04-14T13:33:30.552000Z,,2023-04-14T13:33:31.065555Z,211,5A34BA6B,207,31,Male,White,United Kingdom,United Kingdom,United Kingdom,English,No,"Not in paid work (e.g. homemaker', 'retired or disabled)"
643955169f5b21b286672cee,603fe2f19b789f1504165333,AWAITING REVIEW,2023-04-14T13:29:04.656000Z,2023-04-14T13:33:50.977000Z,,2023-04-14T13:33:51.365461Z,287,5A34BA6B,617,37,Female,White,United Kingdom,United Kingdom,United Kingdom,English,DATA_EXPIRED,Full-Time
64395516b321f1a87398165e,5ca183e45a47af00013463ab,AWAITING REVIEW,2023-04-14T13:28:59.565000Z,2023-04-14T13:34:20.023000Z,,2023-04-14T13:34:20.461987Z,321,5A34BA6B,1766,70,Male,White,United Kingdom,United Kingdom,United Kingdom,English,No,"Not in paid work (e.g. homemaker', 'retired or disabled)"
64395516d747df2d5a6199b2,63f787256fc87f0a297a849c,AWAITING REVIEW,2023-04-14T13:29:06.371000Z,2023-04-14T13:32:13.320000Z,,2023-04-14T13:32:20.128619Z,187,5A34BA6B,118,24,Male,Mixed,United Kingdom,United Kingdom,United Kingdom,English,Yes,Full-Time
64395517093ea79d589a0686,63469143e387d7c210f0e832,AWAITING REVIEW,2023-04-14T13:28:55.682000Z,2023-04-14T13:31:14.010000Z,,2023-04-14T13:31:14.479383Z,139,5A34BA6B,334,20,Male,White,United Kingdom,United Kingdom,United Kingdom,English,Yes,Unemployed (and job seeking)
643955171375379c87bc2602,63469936667ba15958274dc7,AWAITING REVIEW,2023-04-14T13:29:01.800000Z,2023-04-14T13:32:36.200000Z,,2023-04-14T13:32:49.216665Z,215,5A34BA6B,368,41,Male,White,United Kingdom,United Kingdom,United Kingdom,English,No,Full-Time
643955171c105385022abf22,6173f53fcd2fe9bbf9334b2a,AWAITING REVIEW,2023-04-14T13:28:59.834000Z,2023-04-14T13:32:39.110000Z,,2023-04-14T13:32:39.816296Z,220,5A34BA6B,375,34,Male,White,United Kingdom,United Kingdom,United Kingdom,English,No,Full-Time
64395517c35b830842141aab,6152d3b2ebbcfd05ba744162,AWAITING REVIEW,2023-04-14T13:28:58.414000Z,2023-04-14T13:31:45.101000Z,,2023-04-14T13:31:45.800606Z,167,5A34BA6B,214,34,Female,White,United Kingdom,United Kingdom,United Kingdom,English,Yes,Full-Time
64395517c559f94ac582cf0b,60f84b82661faf6c4a0c56a5,AWAITING REVIEW,2023-04-14T13:28:57.502000Z,2023-04-14T13:31:37.993000Z,,2023-04-14T13:31:39.748097Z,161,5A34BA6B,492,30,Female,White,United Kingdom,United Kingdom,United Kingdom,English,No,Full-Time
64395517f2e29f5299bc260c,63c80a427dfa1305502df5a8,AWAITING REVIEW,2023-04-14T13:28:57.559000Z,2023-04-14T13:35:08.242000Z,,2023-04-14T13:35:08.665908Z,371,5A34BA6B,125,58,Male,White,United Kingdom,United Kingdom,United Kingdom,English,No,Other
64395518784b203ba5485c0c,63174af7d57182f9bf90c094,AWAITING REVIEW,2023-04-14T13:29:00.959000Z,2023-04-14T13:36:53.080000Z,,2023-04-14T13:36:53.890345Z,473,5A34BA6B,644,42,Male,White,United Kingdom,United Kingdom,United Kingdom,English,No,Full-Time
643955188e3b55a6a37deb7c,62fd62c2c14ebe91f763085a,AWAITING REVIEW,2023-04-14T13:29:05.405000Z,2023-04-14T13:35:51.067000Z,,2023-04-14T13:35:51.518832Z,406,5A34BA6B,108,32,Female,White,United Kingdom,United Kingdom,United Kingdom,English,No,Part-Time
643955188fe67aca4dcd626a,628781515f29a0394e23b15b,AWAITING REVIEW,2023-04-14T13:31:01.245000Z,2023-04-14T13:34:10.971000Z,,2023-04-14T13:34:11.420970Z,190,5A34BA6B,754,31,Male,White,United Kingdom,United Kingdom,United Kingdom,English,No,Full-Time
6439551893e4d4114f82cf63,5f2acd4b53b8533a53c7bc89,AWAITING REVIEW,2023-04-14T13:28:56.706000Z,2023-04-14T13:33:44.037000Z,,2023-04-14T13:33:44.530184Z,288,5A34BA6B,1112,31,Female,White,United Kingdom,United Kingdom,United Kingdom,English,DATA_EXPIRED,DATA_EXPIRED
643955189df8eac788b81c33,5654166804212700054a12aa,AWAITING REVIEW,2023-04-14T13:29:00.073000Z,2023-04-14T13:32:49.510000Z,,2023-04-14T13:32:50.045044Z,230,5A34BA6B,1942,62,Male,White,United Kingdom,United Kingdom,United Kingdom,English,No,"Not in paid work (e.g. homemaker', 'retired or disabled)"
64395518f2d61feb5ee0fb05,5999b8c16c165e000113fb59,AWAITING REVIEW,2023-04-14T13:29:00.033000Z,2023-04-14T13:33:02.309000Z,,2023-04-14T13:33:02.869448Z,243,5A34BA6B,180,31,Female,White,United Kingdom,United Kingdom,United Kingdom,English,No,Full-Time
643955193f223d38416b57c9,5ceecd8f12495000011572be,AWAITING REVIEW,2023-04-14T13:28:57.517000Z,2023-04-14T13:32:31.507000Z,,2023-04-14T13:32:37.129448Z,214,5A34BA6B,1461,53,Male,White,United Kingdom,United Kingdom,United Kingdom,English,No,Part-Time
643955198be9cf2055b81bf8,63dd37970407f565167e5361,AWAITING REVIEW,2023-04-14T13:28:57.915000Z,2023-04-14T13:31:19.124000Z,,2023-04-14T13:31:21.293547Z,142,5A34BA6B,120,19,Male,Mixed,United Kingdom,United Kingdom,United Kingdom,English,Yes,Other
643955199d76ac4b7074e4f3,5722578701ed33000838ba6d,AWAITING REVIEW,2023-04-14T13:28:57.560000Z,2023-04-14T13:32:04.769000Z,,2023-04-14T13:32:06.157892Z,188,5A34BA6B,904,50,Female,White,United Kingdom,United Kingdom,United Kingdom,English,No,"Not in paid work (e.g. homemaker', 'retired or disabled)"
643955199d8da6c61898162c,6407c61b3200021896ed863d,AWAITING REVIEW,2023-04-14T13:29:17.455000Z,2023-04-14T13:34:30.824000Z,,2023-04-14T13:34:31.413504Z,314,5A34BA6B,35,23,Female,White,United Kingdom,United Kingdom,United Kingdom,English,No,Full-Time
6439551a02db0c38373bc62b,53a18b8ffdf99b79ca51df6e,AWAITING REVIEW,2023-04-14T13:29:01.778000Z,2023-04-14T13:36:07.496000Z,,2023-04-14T13:36:07.971920Z,426,5A34BA6B,2395,45,Female,White,United Kingdom,United Kingdom,United Kingdom,English,Yes,Full-Time
6439551a0ed6b3b83693d8ea,63e61d24e1c77b4b584e879f,AWAITING REVIEW,2023-04-14T13:29:07.221000Z,2023-04-14T13:31:38.189000Z,,2023-04-14T13:31:38.554091Z,151,5A34BA6B,139,28,Male,White,United Kingdom,United Kingdom,United Kingdom,English,No,Full-Time
6439551a4a084478a98b6fef,634d7250a9dbe47b2b1d110f,AWAITING REVIEW,2023-04-14T13:28:58.227000Z,2023-04-14T13:31:40.928000Z,,2023-04-14T13:31:41.352319Z,163,5A34BA6B,346,37,Male,White,United Kingdom,United Kingdom,United Kingdom,English,No,Unemployed (and job seeking)
6439551a86eb10ec98d6bd46,56e68157f6ed90000ba5855c,AWAITING REVIEW,2023-04-14T13:29:03.916000Z,2023-04-14T13:40:19.299000Z,,2023-04-14T13:40:19.694124Z,676,5A34BA6B,959,35,Female,White,United Kingdom,United Kingdom,United Kingdom,English,No,"Not in paid work (e.g. homemaker', 'retired or disabled)"
6439551ac4eb54311f8b6f86,63d10ca8fca9ad7d2fbe4393,AWAITING REVIEW,2023-04-14T13:28:58.437000Z,2023-04-14T13:32:07.313000Z,,2023-04-14T13:32:07.908142Z,189,5A34BA6B,128,19,Female,White,United Kingdom,United Kingdom,United Kingdom,English,Yes,Other
6439551b664c4fb6789a064a,62b44f66a16d45783569fad6,AWAITING REVIEW,2023-04-14T13:28:59.833000Z,2023-04-14T13:33:04.869000Z,,2023-04-14T13:33:05.325332Z,246,5A34BA6B,644,30,Male,White,United Kingdom,United Kingdom,United Kingdom,English,No,Full-Time
6439551b8b8cf9767cc702fa,5c0c3112594d92000167bdcd,AWAITING REVIEW,2023-04-14T13:29:04.844000Z,2023-04-14T13:33:11.530000Z,,2023-04-14T13:33:11.949880Z,247,5A34BA6B,1298,51,Female,White,United Kingdom,United Kingdom,United Kingdom,English,No,Full-Time
6439551babd5a365f7eb6708,640cc4eb94665b29f3f5faea,AWAITING REVIEW,2023-04-14T13:29:05.238000Z,2023-04-14T13:38:06.354000Z,,2023-04-14T13:38:06.792150Z,542,5A34BA6B,39,59,Female,White,United Kingdom,United Kingdom,United Kingdom,English,No,Part-Time
6439551bcff56b02f660e4a4,6400e37140c3b7095ef7c59e,AWAITING REVIEW,2023-04-14T13:31:22.870000Z,2023-04-14T13:35:00.875000Z,,2023-04-14T13:35:02.047042Z,219,5A34BA6B,123,36,Male,White,United Kingdom,United Kingdom,United Kingdom,English,Yes,Other
6439551c02dfd214dfd97693,63468b5809bf04222262bfed,AWAITING REVIEW,2023-04-14T13:29:08.912000Z,2023-04-14T13:32:56.549000Z,,2023-04-14T13:32:57.051893Z,228,5A34BA6B,536,36,Male,White,United Kingdom,United Kingdom,United Kingdom,English,No,Full-Time
6439551c1bb43c7740d976f1,63d3fbb8c9da3aa4f9302827,AWAITING REVIEW,2023-04-14T13:29:00.523000Z,2023-04-14T13:33:17.613000Z,,2023-04-14T13:33:18.074346Z,258,5A34BA6B,152,26,Male,White,United Kingdom,United Kingdom,United Kingdom,English,No,"Not in paid work (e.g. homemaker', 'retired or disabled)"
6439551c808bc657dd1d7dd0,59df9b4ebe399f0001e49853,AWAITING REVIEW,2023-04-14T13:29:09.933000Z,2023-04-14T13:32:34.221000Z,,2023-04-14T13:32:39.344201Z,205,5A34BA6B,1203,48,Female,White,United Kingdom,United Kingdom,United Kingdom,English,Yes,Part-Time
6439551cd22420a6ca9a06c4,5cb5941ba7dfd50001759040,AWAITING REVIEW,2023-04-14T13:29:12.231000Z,2023-04-14T13:31:59.061000Z,,2023-04-14T13:32:03.763534Z,167,5A34BA6B,790,42,Male,White,United Kingdom,United Kingdom,United Kingdom,English,No,Full-Time
6439551cfc334beffa935bdc,63f8a51d30e2b7501f33e8ce,AWAITING REVIEW,2023-04-14T13:29:32.463000Z,2023-04-14T13:33:45.242000Z,,2023-04-14T13:33:45.795943Z,253,5A34BA6B,109,62,Male,White,United Kingdom,United Kingdom,United Kingdom,English,No,"Not in paid work (e.g. homemaker', 'retired or disabled)"
6439551d56512e8ec26b582b,5dbf3be9aab19f3e2dab2f4d,AWAITING REVIEW,2023-04-14T13:29:01.600000Z,2023-04-14T13:32:24.358000Z,,2023-04-14T13:32:34.523260Z,203,5A34BA6B,1070,64,Male,White,United Kingdom,United Kingdom,United Kingdom,English,No,Full-Time
6439551dd22420a6ca9a06c6,63dd1dab484083017c1b8184,AWAITING REVIEW,2023-04-14T13:29:01.869000Z,2023-04-14T13:31:09.366000Z,,2023-04-14T13:31:11.181172Z,128,5A34BA6B,118,21,Male,White,United Kingdom,United Kingdom,United Kingdom,English,No,Full-Time
6439551de9b00631d41f6999,5e31a1526ef37a1879a94441,AWAITING REVIEW,2023-04-14T13:29:01.344000Z,2023-04-14T13:34:41.175000Z,,2023-04-14T13:34:41.655549Z,340,5A34BA6B,1553,57,Male,White,United Kingdom,United Kingdom,United Kingdom,English,DATA_EXPIRED,DATA_EXPIRED
6439551ded7f1ff5d9dc4620,63d418c18b9d9b4daf0a4ae6,AWAITING REVIEW,2023-04-14T13:29:04.442000Z,2023-04-14T13:35:26.331000Z,,2023-04-14T13:35:28.314971Z,382,5A34BA6B,158,39,Male,Asian,Bangladesh,United Kingdom,United Kingdom,Bengali,No,Other
6439551e3b487e4e9117378a,63e76f4e51cd97b4ddfa42f5,AWAITING REVIEW,2023-04-14T13:29:06.438000Z,2023-04-14T13:33:46.598000Z,,2023-04-14T13:33:47.107744Z,281,5A34BA6B,17,35,Male,White,United Kingdom,United Kingdom,United Kingdom,English,No,DATA_EXPIRED
6439551ed820db50c90ced56,63d6585340a67f5671ef6b7f,AWAITING REVIEW,2023-04-14T13:29:51.442000Z,2023-04-14T13:36:02.766000Z,,2023-04-14T13:36:03.182482Z,372,5A34BA6B,182,59,Male,White,United Kingdom,United Kingdom,United Kingdom,English,No,Full-Time
6439551edcf2ca4721b44a32,607f63ce9ffa404fca0400a9,AWAITING REVIEW,2023-04-14T13:29:05.403000Z,2023-04-14T13:35:00.698000Z,,2023-04-14T13:35:01.162186Z,356,5A34BA6B,476,30,Male,White,United Kingdom,United Kingdom,United Kingdom,English,No,Part-Time
6439551f23f22fdec9713bd4,5ea047d315537303f1e60ef9,AWAITING REVIEW,2023-04-14T13:29:03.589000Z,2023-04-14T13:32:07.139000Z,,2023-04-14T13:32:07.666621Z,184,5A34BA6B,1309,69,Female,White,United Kingdom,United Kingdom,United Kingdom,English,No,"Not in paid work (e.g. homemaker', 'retired or disabled)"
6439551f2d825d1d704dae49,63468b3bd07050877a6beb11,AWAITING REVIEW,2023-04-14T13:29:03.272000Z,2023-04-14T13:33:30.201000Z,,2023-04-14T13:33:30.646244Z,267,5A34BA6B,248,63,Female,White,United Kingdom,United Kingdom,United Kingdom,English,No,"Not in paid work (e.g. homemaker', 'retired or disabled)"
6439551f76a74a2108e3e09e,5ee0fc64a9b96f49c96bc9dd,AWAITING REVIEW,2023-04-14T13:29:19.617000Z,2023-04-14T13:33:06.268000Z,,2023-04-14T13:33:07.298413Z,227,5A34BA6B,29,34,Male,White,United Kingdom,United Kingdom,United Kingdom,English,No,Full-Time
6439551fb511221bad0a2f47,634da1ab6edce40ac4d2675e,AWAITING REVIEW,2023-04-14T13:29:07.458000Z,2023-04-14T13:31:44.097000Z,,2023-04-14T13:31:46.449005Z,157,5A34BA6B,249,33,Male,White,United Kingdom,United Kingdom,United Kingdom,English,No,Full-Time
6439551fc5405ffafd5779da,5f09068244f84c18faaa74bc,AWAITING REVIEW,2023-04-14T13:29:03.964000Z,2023-04-14T13:31:40.584000Z,,2023-04-14T13:31:40.976985Z,157,5A34BA6B,940,22,Male,White,United Kingdom,United Kingdom,United Kingdom,English,DATA_EXPIRED,DATA_EXPIRED
6439551fcbe50f51c08b0b78,607ea4caa8927b9ec56da4dd,AWAITING REVIEW,2023-04-14T13:30:13.505000Z,2023-04-14T13:35:26.978000Z,,2023-04-14T13:35:27.524300Z,314,5A34BA6B,285,25,Female,White,United Kingdom,United Kingdom,United Kingdom,English,No,Other
6439551ff7ee9a0b06316bfa,5b16cd7e3522660001b3c81f,AWAITING REVIEW,2023-04-14T13:29:42.433000Z,2023-04-14T13:33:11.778000Z,,2023-04-14T13:33:12.430672Z,210,5A34BA6B,929,37,Female,White,United Kingdom,United Kingdom,United Kingdom,English,No,Other
643955201375379c87bc2609,617436710567e368c66b0761,AWAITING REVIEW,2023-04-14T13:29:04.195000Z,2023-04-14T13:34:26.046000Z,,2023-04-14T13:34:26.479828Z,322,5A34BA6B,83,35,Male,White,United Kingdom,United Kingdom,United Kingdom,English,No,Full-Time
643955203dff1c284b70c765,60168d91d4e20d827c76dcb0,AWAITING REVIEW,2023-04-14T13:29:08.434000Z,2023-04-14T13:34:22.411000Z,,2023-04-14T13:34:22.870379Z,314,5A34BA6B,714,55,Female,White,United Kingdom,United Kingdom,United Kingdom,English,No,DATA_EXPIRED
6439552063af8f074b93d935,62aa3f6be69568c00d1caf30,AWAITING REVIEW,2023-04-14T13:29:09.115000Z,2023-04-14T13:33:51.891000Z,,2023-04-14T13:33:52.961503Z,283,5A34BA6B,476,49,Male,White,United Kingdom,United Kingdom,United Kingdom,English,No,Full-Time
64395520699222b18c74e4c3,594e2bb7a402220001d84067,AWAITING REVIEW,2023-04-14T13:29:04.907000Z,2023-04-14T13:32:18.502000Z,,2023-04-14T13:32:24.586012Z,194,5A34BA6B,2156,36,Male,White,United Kingdom,United Kingdom,United Kingdom,English,No,Full-Time
64395520827754e11ed693e2,5f088147510abc0947ad09cb,AWAITING REVIEW,2023-04-14T13:29:11.692000Z,2023-04-14T13:32:35.508000Z,,2023-04-14T13:32:48.811821Z,204,5A34BA6B,963,69,Female,White,United Kingdom,United Kingdom,United Kingdom,English,No,"Not in paid work (e.g. homemaker', 'retired or disabled)"
643955209cc6a93f763bc607,5d384c97285d1400199a2886,AWAITING REVIEW,2023-04-14T13:29:12.247000Z,2023-04-14T13:35:25.907000Z,,2023-04-14T13:35:27.123120Z,374,5A34BA6B,1476,43,Female,Asian,China,United Kingdom,United Kingdom,Chinese,No,Full-Time
64395520dd2c6743831d5629,5599dbe6fdf99b4a3c5bc628,AWAITING REVIEW,2023-04-14T13:29:08.365000Z,2023-04-14T13:32:38.547000Z,,2023-04-14T13:32:39.091882Z,211,5A34BA6B,1677,38,Female,Asian,United Kingdom,United Kingdom,United Kingdom,English,No,DATA_EXPIRED
6439552113e0d5ff7ee0fb4f,5f0f6ef654ae12126762bd4e,AWAITING REVIEW,2023-04-14T13:29:05.880000Z,2023-04-14T13:34:00.821000Z,,2023-04-14T13:34:01.282153Z,295,5A34BA6B,1198,63,Male,White,United Kingdom,United Kingdom,United Kingdom,English,No,"Not in paid work (e.g. homemaker', 'retired or disabled)"
64395521382b3acdaf8062b6,5fbfffc4e214a60ab1b745fd,AWAITING REVIEW,2023-04-14T13:29:05.529000Z,2023-04-14T13:31:04.953000Z,,2023-04-14T13:31:06.310916Z,120,5A34BA6B,1133,25,Female,White,United Kingdom,United Kingdom,United Kingdom,English,No,Full-Time
643955218d48cdb70fe21e6b,577a930f7ba34c00010c8e5e,AWAITING REVIEW,2023-04-14T13:29:11.893000Z,2023-04-14T13:34:42.706000Z,,2023-04-14T13:34:43.220388Z,331,5A34BA6B,1029,55,Female,White,United Kingdom,United Kingdom,United Kingdom,English,No,"Not in paid work (e.g. homemaker', 'retired or disabled)"
64395521ed7f1ff5d9dc4622,57ea425e5b88f5000106bb9f,AWAITING REVIEW,2023-04-14T13:29:13.575000Z,2023-04-14T13:32:53.199000Z,,2023-04-14T13:32:57.076915Z,220,5A34BA6B,2033,55,Male,White,United Kingdom,United Kingdom,United Kingdom,English,No,Part-Time
64395521f5d85d067b70c7e5,600ee8549cf6447c3e5735db,AWAITING REVIEW,2023-04-14T13:29:05.131000Z,2023-04-14T13:38:53.820000Z,,2023-04-14T13:38:54.412317Z,589,5A34BA6B,795,44,Female,White,Macedonia,United Kingdom,United Kingdom,Macedonian,No,Full-Time
643955222bd4d693dbdee97a,63ea72964d4f547ae6859c68,AWAITING REVIEW,2023-04-14T13:29:33.763000Z,2023-04-14T13:32:19.604000Z,,2023-04-14T13:32:22.448629Z,166,5A34BA6B,72,33,Male,White,United Kingdom,United Kingdom,United Kingdom,English,No,Part-Time
643955223c6c2ccceb85325b,5c180a3ac59c17000167491e,AWAITING REVIEW,2023-04-14T13:29:09.484000Z,2023-04-14T13:32:48.413000Z,,2023-04-14T13:32:48.884235Z,219,5A34BA6B,2119,35,Male,White,United Kingdom,United Kingdom,United Kingdom,English,No,Full-Time
64395522784b203ba5485c0f,5cccb432a0dc920001e63b0b,AWAITING REVIEW,2023-04-14T13:29:11.136000Z,2023-04-14T13:33:35.687000Z,,2023-04-14T13:33:36.148373Z,265,5A34BA6B,65,37,Female,White,United Kingdom,United Kingdom,United Kingdom,English,No,Other
64395522cf711edbd833999a,63cedbe5665dc2acf6c1480f,AWAITING REVIEW,2023-04-14T13:29:11.736000Z,2023-04-14T13:34:02.287000Z,,2023-04-14T13:34:03.867724Z,291,5A34BA6B,167,42,Female,White,United Kingdom,United Kingdom,United Kingdom,English,No,Full-Time
64395522cff56b02f660e4a9,5ed934c19e6b4a496cd6da06,AWAITING REVIEW,2023-04-14T13:31:30.520000Z,2023-04-14T13:36:21.922000Z,,2023-04-14T13:36:22.386372Z,292,5A34BA6B,811,53,Female,Mixed,United Kingdom,United Kingdom,United Kingdom,English,DATA_EXPIRED,DATA_EXPIRED
64395522dbaa95ee69577a0b,63e51e063af1cc5baf0c72ca,AWAITING REVIEW,2023-04-14T13:29:24.744000Z,2023-04-14T13:31:32.769000Z,,2023-04-14T13:31:33.165717Z,129,5A34BA6B,131,35,Male,Asian,Hong Kong,United Kingdom,United Kingdom,English,No,Full-Time
643955230cf13ca403d5516d,5d1b9a5c720de60001e3d092,AWAITING REVIEW,2023-04-14T13:30:37.646000Z,2023-04-14T13:34:50.002000Z,,2023-04-14T13:34:50.500598Z,253,5A34BA6B,398,26,Female,White,United Kingdom,United Kingdom,United Kingdom,English,No,DATA_EXPIRED
643955232ce11c1babe6d66c,629b3553f9621f7c65de7f5a,AWAITING REVIEW,2023-04-14T13:29:11.069000Z,2023-04-14T13:32:06.882000Z,,2023-04-14T13:32:09.911917Z,176,5A34BA6B,546,40,Male,White,United Kingdom,United Kingdom,United Kingdom,English,No,Full-Time
643955233ab4ae2323cd628c,5980f157413c230001291b22,AWAITING REVIEW,2023-04-14T13:29:07.772000Z,2023-04-14T13:32:04.087000Z,,2023-04-14T13:32:09.466546Z,177,5A34BA6B,1213,28,Male,White,United Kingdom,United Kingdom,United Kingdom,English,Yes,Other
6439552355f0125b09e0fb2b,63dfc2c8d2a0118a9552a5ac,AWAITING REVIEW,2023-04-14T13:29:42.873000Z,2023-04-14T13:36:22.294000Z,,2023-04-14T13:36:22.803460Z,400,5A34BA6B,102,78,Female,White,United Kingdom,United Kingdom,United Kingdom,English,No,"Not in paid work (e.g. homemaker', 'retired or disabled)"
643955239a2ec0f968485bd9,5ebd9047a4e2fc0ab05b2e40,AWAITING REVIEW,2023-04-14T13:29:07.097000Z,2023-04-14T13:31:33.129000Z,,2023-04-14T13:31:33.585117Z,147,5A34BA6B,399,37,Male,White,United Kingdom,United Kingdom,United Kingdom,English,No,Full-Time
64395523b854125084316c91,5d1a69d8f97a18001977e0d7,AWAITING REVIEW,2023-04-14T13:29:21.633000Z,2023-04-14T13:36:08.894000Z,,2023-04-14T13:36:09.333620Z,408,5A34BA6B,2628,46,Male,White,United Kingdom,United Kingdom,United Kingdom,English,No,Full-Time
6439552421b1cbc84917370b,5d6e570e8c129300166dba20,AWAITING REVIEW,2023-04-14T13:29:38.503000Z,2023-04-14T13:35:03.141000Z,,2023-04-14T13:35:03.526598Z,325,5A34BA6B,363,46,Female,White,United Kingdom,United Kingdom,United Kingdom,English,No,"Not in paid work (e.g. homemaker', 'retired or disabled)"
643955243c97f70d1f51174c,62fbe4c86d484357b6adbc36,AWAITING REVIEW,2023-04-14T13:29:15.382000Z,2023-04-14T13:31:08.446000Z,,2023-04-14T13:31:08.911300Z,114,5A34BA6B,173,31,Male,White,United Kingdom,United Kingdom,United Kingdom,English,No,Full-Time
64395524e4f7e378f051c4f9,6400de1bcf1e30aacdbfd4fd,AWAITING REVIEW,2023-04-14T13:29:12.998000Z,2023-04-14T13:35:33.137000Z,,2023-04-14T13:35:33.667041Z,381,5A34BA6B,96,45,Male,Other,Colombia,United Kingdom,United Kingdom,English,No,Full-Time
6439552521b1cbc84917370d,63d53b38b9e515c80720bb76,AWAITING REVIEW,2023-04-14T13:29:13.151000Z,2023-04-14T13:30:38.815000Z,,2023-04-14T13:30:39.290221Z,86,5A34BA6B,129,28,Male,White,United Kingdom,United Kingdom,United Kingdom,English,No,Full-Time
64395525485a2a7437d551f1,64209f2c30443a1d7afb7234,AWAITING REVIEW,2023-04-14T13:29:23.306000Z,2023-04-14T13:34:51.995000Z,,2023-04-14T13:34:52.606570Z,329,5A34BA6B,36,32,Male,Black,Nigeria,United Kingdom,United Kingdom,English,Yes,Unemployed (and job seeking)
643955259c45114eda512231,5f54d772f5bba984fdf8676e,AWAITING REVIEW,2023-04-14T13:29:18.898000Z,2023-04-14T13:32:32.650000Z,,2023-04-14T13:32:38.441216Z,194,5A34BA6B,996,25,Female,Mixed,United Kingdom,United Kingdom,United Kingdom,English,DATA_EXPIRED,DATA_EXPIRED
64395525c82659b9ca577998,61449269c23dcad4e01c9f94,AWAITING REVIEW,2023-04-14T13:29:09.330000Z,2023-04-14T13:31:17.888000Z,,2023-04-14T13:31:18.470247Z,129,5A34BA6B,1013,41,Female,White,United Kingdom,United Kingdom,United Kingdom,English,No,Full-Time
64395525e2b84d80db8b0b5a,6128b0c68d0755a4f9fd539d,AWAITING REVIEW,2023-04-14T13:29:57.930000Z,2023-04-14T13:33:06.217000Z,,2023-04-14T13:33:06.873914Z,189,5A34BA6B,781,20,Female,White,United Kingdom,United Kingdom,United Kingdom,English,Yes,Part-Time
6439552602db0c38373bc630,59e27cc0c0d35a0001294e6b,AWAITING REVIEW,2023-04-14T13:29:10.205000Z,2023-04-14T13:33:02.533000Z,,2023-04-14T13:33:02.948350Z,233,5A34BA6B,40,30,Male,White,United Kingdom,United Kingdom,United Kingdom,English,No,Full-Time
64395526db7d5653d196d52c,6431b7219a445bcc1e8d92b8,AWAITING REVIEW,2023-04-14T13:29:10.609000Z,2023-04-14T13:39:24.665000Z,,2023-04-14T13:39:25.122148Z,615,5A34BA6B,12,58,Male,White,United Kingdom,United Kingdom,United Kingdom,English,No,Part-Time
6439552709bb5d3eaf512263,63207376461ca8b27f375473,AWAITING REVIEW,2023-04-14T13:29:15.835000Z,2023-04-14T13:30:59.662000Z,,2023-04-14T13:31:00.865600Z,104,5A34BA6B,250,35,Male,White,United States,United Kingdom,United Kingdom,English,No,Full-Time
64395527dbaa95ee69577a0f,604a38db988f1f528797ae1b,AWAITING REVIEW,2023-04-14T13:29:14.441000Z,2023-04-14T13:31:43.826000Z,,2023-04-14T13:31:44.342620Z,150,5A34BA6B,174,22,Male,White,United Kingdom,United Kingdom,United Kingdom,English,Yes,Part-Time
64395528884884832729e9f3,5f6b8c1f5622370b0c94d597,AWAITING REVIEW,2023-04-14T13:29:12.514000Z,2023-04-14T13:34:26.524000Z,,2023-04-14T13:34:26.949996Z,315,5A34BA6B,1486,35,Male,White,United Kingdom,United Kingdom,United Kingdom,English,No,Part-Time
643955288b8cf9767cc702fd,5eb3f62dd25b371e45e78adb,AWAITING REVIEW,2023-04-14T13:29:33.937000Z,2023-04-14T13:46:56.034000Z,,2023-04-14T13:46:56.532623Z,1043,5A34BA6B,169,26,Male,Asian,United Kingdom,United Kingdom,United Kingdom,English,No,Full-Time
64395529b321f1a873981663,62e94b6406efad3412531a70,AWAITING REVIEW,2023-04-14T13:29:50.760000Z,2023-04-14T13:34:25.202000Z,,2023-04-14T13:34:25.688290Z,275,5A34BA6B,161,23,Male,White,United Kingdom,United Kingdom,United Kingdom,English,No,Full-Time
64395529db45fd4fcfa4563f,5ee5defbfe74a3000d106f51,AWAITING REVIEW,2023-04-14T13:29:17.101000Z,2023-04-14T13:31:41.819000Z,,2023-04-14T13:31:42.305657Z,145,5A34BA6B,1732,30,Male,White,United Kingdom,United Kingdom,United Kingdom,English,Yes,Full-Time
6439552a092cc34e76a1ca6c,634810be16f7a1d44c301f57,AWAITING REVIEW,2023-04-14T13:29:16.603000Z,2023-04-14T13:33:23.291000Z,,2023-04-14T13:33:23.852146Z,247,5A34BA6B,187,51,Male,White,United Kingdom,United Kingdom,United Kingdom,English,DATA_EXPIRED,"Not in paid work (e.g. homemaker', 'retired or disabled)"
6439552aae6c85236f74e4ba,5e64e1d3ffed3225090e814d,AWAITING REVIEW,2023-04-14T13:31:12.940000Z,2023-04-14T13:36:56.391000Z,,2023-04-14T13:36:56.969761Z,344,5A34BA6B,1567,36,Male,White,United Kingdom,United Kingdom,United Kingdom,English,No,Full-Time
6439552abaacf08104512df1,63d79fcd741f9cfb2f87152f,AWAITING REVIEW,2023-04-14T13:29:45.542000Z,2023-04-14T13:34:58.535000Z,,2023-04-14T13:34:59.034100Z,313,5A34BA6B,226,47,Male,Black,Nigeria,United Kingdom,United Kingdom,English,No,Other
6439552abe3da498d4df7a66,63c58429db2b7daf0f67d60d,AWAITING REVIEW,2023-04-14T13:29:19.971000Z,2023-04-14T13:33:19.391000Z,,2023-04-14T13:33:19.887342Z,240,5A34BA6B,223,54,Male,White,United Kingdom,United Kingdom,United Kingdom,English,No,Full-Time
6439552b0778838786d69418,5ea16cb48366db01843ff38b,AWAITING REVIEW,2023-04-14T13:29:15.528000Z,2023-04-14T13:33:15.913000Z,,2023-04-14T13:33:16.358192Z,241,5A34BA6B,1452,55,Male,White,United Kingdom,United Kingdom,United Kingdom,Scots,No,Full-Time
6439552b1caa3abc4319751d,59a5b35c5954130001582a40,AWAITING REVIEW,2023-04-14T13:29:22.097000Z,2023-04-14T13:31:56.129000Z,,2023-04-14T13:32:01.307100Z,155,5A34BA6B,642,32,Male,Asian,United Kingdom,United Kingdom,United Kingdom,English,No,Full-Time
6439552bc5405ffafd5779e1,62dabd0c32decdde3f734147,AWAITING REVIEW,2023-04-14T13:29:30.325000Z,2023-04-14T13:32:27.136000Z,,2023-04-14T13:32:36.050283Z,177,5A34BA6B,509,38,Male,White,United Kingdom,United Kingdom,United Kingdom,English,No,Full-Time
6439552c2f14a9d8173bc63e,5c742ed3b80b460016bd0361,AWAITING REVIEW,2023-04-14T13:29:27.811000Z,2023-04-14T13:33:56.800000Z,,2023-04-14T13:33:57.228447Z,269,5A34BA6B,1175,35,Male,White,United Kingdom,United Kingdom,United Kingdom,English,DATA_EXPIRED,DATA_EXPIRED
6439552c45b023114ddee9eb,6384e28c712de4df89cd7c98,AWAITING REVIEW,2023-04-14T13:29:16.665000Z,2023-04-14T13:31:42.232000Z,,2023-04-14T13:31:44.552410Z,146,5A34BA6B,220,38,Male,White,United Kingdom,United Kingdom,United Kingdom,English,No,Part-Time
6439552c76a74a2108e3e0a2,5ca102f57114700016da340d,AWAITING REVIEW,2023-04-14T13:29:16.340000Z,2023-04-14T13:38:01.263000Z,,2023-04-14T13:38:01.758986Z,525,5A34BA6B,1122,73,Male,White,United Kingdom,United Kingdom,United Kingdom,English,No,DATA_EXPIRED
6439552df4eae74f5d12acc9,63068110447ef1aaa9660816,AWAITING REVIEW,2023-04-14T13:29:51.228000Z,2023-04-14T13:33:37.742000Z,,2023-04-14T13:33:38.205782Z,227,5A34BA6B,452,28,Male,White,United Kingdom,United Kingdom,United Kingdom,English,No,Full-Time
6439552e1bb43c7740d976f4,63076cd447ae6e2366804685,AWAITING REVIEW,2023-04-14T13:29:23.925000Z,2023-04-14T13:35:56.692000Z,,2023-04-14T13:35:57.143720Z,393,5A34BA6B,413,63,Male,White,United Kingdom,United Kingdom,United Kingdom,English,No,Part-Time
6439552eefb6b53b3251c482,63d140059a1a559c554e7e68,AWAITING REVIEW,2023-04-14T13:29:28.347000Z,2023-04-14T13:34:54.254000Z,,2023-04-14T13:34:54.732404Z,326,5A34BA6B,160,41,Male,White,United Kingdom,United Kingdom,United Kingdom,English,No,Full-Time
6439552ef7ee9a0b06316bfe,62c5cc6fd79f261312165cee,AWAITING REVIEW,2023-04-14T13:29:36.619000Z,2023-04-14T13:33:47.972000Z,,2023-04-14T13:33:48.420593Z,252,5A34BA6B,348,26,Male,White,United Kingdom,United Kingdom,United Kingdom,English,Yes,DATA_EXPIRED
6439552f5b0f59f3d4711b1d,6138e9d4aa1428328bee7cf3,AWAITING REVIEW,2023-04-14T13:29:27.487000Z,2023-04-14T13:35:54.926000Z,,2023-04-14T13:35:55.362364Z,388,5A34BA6B,797,70,Male,White,United Kingdom,United Kingdom,United Kingdom,English,No,"Not in paid work (e.g. homemaker', 'retired or disabled)"
6439552f5ee7f7a46051168b,5c9034a2eedbd9001573ca14,AWAITING REVIEW,2023-04-14T13:29:19.922000Z,2023-04-14T13:34:25.104000Z,,2023-04-14T13:34:25.541965Z,306,5A34BA6B,1405,58,Male,White,United Kingdom,United Kingdom,United Kingdom,English,No,Part-Time
6439552fc4737c0b17e6d61e,5f11841e41278f0008ec17c1,AWAITING REVIEW,2023-04-14T13:29:19.094000Z,2023-04-14T13:34:34.366000Z,,2023-04-14T13:34:34.791645Z,316,5A34BA6B,1163,55,Male,White,United Kingdom,United Kingdom,United Kingdom,English,No,Full-Time
643955309f76628740e8184c,63d0019e39cca2f4f8fd4a30,AWAITING REVIEW,2023-04-14T13:32:43.049000Z,2023-04-14T13:36:15.172000Z,,2023-04-14T13:36:15.582338Z,213,5A34BA6B,159,33,Male,White,United Kingdom,United Kingdom,United Kingdom,English,No,Full-Time
643955ea10b114863e533b77,5c17c149f596b100011ca8b8,AWAITING REVIEW,2023-04-14T13:32:29.564000Z,2023-04-14T13:45:37.480000Z,,2023-04-14T13:45:37.963988Z,788,5A34BA6B,1845,34,Female,Mixed,United Kingdom,United Kingdom,United Kingdom,English,DATA_EXPIRED,Unemployed (and job seeking)
643956430b23c5de83512d5a,5c5cad3e4ee81200018eafe2,AWAITING REVIEW,2023-04-14T13:33:55.633000Z,2023-04-14T13:42:21.305000Z,,2023-04-14T13:42:21.775873Z,506,5A34BA6B,2904,71,Female,White,United Kingdom,United Kingdom,United Kingdom,English,No,Full-Time
643956d6093ea79d589a06bd,5d470786da637a00014ba26f,AWAITING REVIEW,2023-04-14T13:36:22.097000Z,2023-04-14T13:41:16.519000Z,,2023-04-14T13:41:17.129423Z,295,5A34BA6B,2660,37,Male,Mixed,United Kingdom,United Kingdom,United Kingdom,English,No,Full-Time
643957b0a7bb878dccdc4583,5cc7443b836ddc0016fec706,AWAITING REVIEW,2023-04-14T13:40:00.381000Z,2023-04-14T13:43:53.475000Z,,2023-04-14T13:43:54.201775Z,234,5A34BA6B,2335,63,Male,White,United Kingdom,United Kingdom,United Kingdom,English,No,Full-Time
643957b214bd40fbf62800e0,63ea4a7fa7d709c8e7887a93,AWAITING REVIEW,2023-04-14T13:40:15.540000Z,2023-04-14T13:44:24.311000Z,,2023-04-14T13:44:24.810597Z,249,5A34BA6B,162,47,Male,White,United Kingdom,United Kingdom,United Kingdom,English,No,Unemployed (and job seeking)
643957b4c323f8f40d70c77b,5dd05d80b2204f1487f7812c,AWAITING REVIEW,2023-04-14T13:40:09.568000Z,2023-04-14T13:45:09.018000Z,,2023-04-14T13:45:09.432371Z,300,5A34BA6B,1598,39,Male,White,United Kingdom,United Kingdom,United Kingdom,English,No,Unemployed (and job seeking)
64395801d7907207b3ec8b5a,5dc00855fcac12445f8f8d7a,AWAITING REVIEW,2023-04-14T13:41:24.412000Z,2023-04-14T13:46:17.420000Z,,2023-04-14T13:46:19.992243Z,294,5A34BA6B,63,22,Male,White,United Kingdom,United Kingdom,United Kingdom,English,No,Full-Time
64395d018741af2696e04b8d,611218c29a454f84484df681,AWAITING REVIEW,2023-04-14T14:03:07.789000Z,2023-04-14T14:08:11.698000Z,,2023-04-14T14:08:12.300158Z,304,5A34BA6B,469,32,Male,White,United Kingdom,United Kingdom,United Kingdom,English,No,Full-Time
