StartDate,EndDate,Status,IPAddress,Progress,Duration (in seconds),Finished,RecordedDate,ResponseId,RecipientLastName,RecipientFirstName,RecipientEmail,ExternalReference,LocationLatitude,LocationLongitude,DistributionChannel,UserLanguage,consent,attention,Q2,gender,age,education,PROLIFIC_PID,counter,ID,independence,stimulus_variant,sample,guess,conf,comp,competence,confidence
2022-05-02 11:26:36,2022-05-02 11:28:26,0,176.255.80.63,100,109,1,2022-05-02 11:28:26,R_0wcZbNK77Kt5DUJ,NA,NA,NA,NA,52.0444,1.1273,anonymous,EN,1,I pay attention,NA,female,37,6,594be574ecd509000182c825,2,1,independent,b,II,1342,8,8,7,7
2022-05-02 11:26:36,2022-05-02 11:28:26,0,176.255.80.63,100,109,1,2022-05-02 11:28:26,R_0wcZbNK77Kt5DUJ,NA,NA,NA,NA,52.0444,1.1273,anonymous,EN,1,I pay attention,NA,female,37,6,594be574ecd509000182c825,2,1,dependent,a,II,1487,8,8,7,7
2022-05-02 11:27:48,2022-05-02 11:30:43,0,51.9.86.239,100,174,1,2022-05-02 11:30:44,R_73ZlBnaoPWMgJ3j,NA,NA,NA,NA,51.3229,-2.7839,anonymous,EN,1,I pay attention,NA,female,23,5,60fd158b17aecbf0aefaf5e9,2,2,independent,b,III,1499,2,5,5,2
2022-05-02 11:27:48,2022-05-02 11:30:43,0,51.9.86.239,100,174,1,2022-05-02 11:30:44,R_73ZlBnaoPWMgJ3j,NA,NA,NA,NA,51.3229,-2.7839,anonymous,EN,1,I pay attention,NA,female,23,5,60fd158b17aecbf0aefaf5e9,2,2,dependent,a,III,1693,6,6,6,6
2022-05-02 11:29:05,2022-05-02 11:31:05,0,88.110.249.230,100,119,1,2022-05-02 11:31:06,R_VWHauehUG9hR3YB,NA,NA,NA,NA,50.368,-4.1329,anonymous,EN,1,I pay attention,NA,male,41,5,5a9bb5bc777df2000160098b,2,3,dependent,b,II,1344,6,6,6,6
2022-05-02 11:29:05,2022-05-02 11:31:05,0,88.110.249.230,100,119,1,2022-05-02 11:31:06,R_VWHauehUG9hR3YB,NA,NA,NA,NA,50.368,-4.1329,anonymous,EN,1,I pay attention,NA,male,41,5,5a9bb5bc777df2000160098b,2,3,independent,a,II,1469,5,4,4,5
2022-05-02 11:27:58,2022-05-02 11:31:21,0,31.50.211.14,100,203,1,2022-05-02 11:31:21,R_2CZEvndzusNg36D,NA,NA,NA,NA,53.8055,-2.2927,anonymous,EN,1,I pay attention,NA,female,48,2,60a546b01830edd7fea03131,2,4,independent,b,I,1410,3,4,4,3
2022-05-02 11:27:58,2022-05-02 11:31:21,0,31.50.211.14,100,203,1,2022-05-02 11:31:21,R_2CZEvndzusNg36D,NA,NA,NA,NA,53.8055,-2.2927,anonymous,EN,1,I pay attention,NA,female,48,2,60a546b01830edd7fea03131,2,4,dependent,a,I,1642,5,5,5,5
2022-05-02 11:29:50,2022-05-02 11:32:07,0,86.169.175.73,100,136,1,2022-05-02 11:32:07,R_aXG030BDHcDx6dr,NA,NA,NA,NA,53.6333,-1.7519,anonymous,EN,1,I pay attention,NA,female,49,2,5e4bc0c29b9a2e01310c6506,2,5,dependent,b,I,1435,3,4,4,3
2022-05-02 11:29:50,2022-05-02 11:32:07,0,86.169.175.73,100,136,1,2022-05-02 11:32:07,R_aXG030BDHcDx6dr,NA,NA,NA,NA,53.6333,-1.7519,anonymous,EN,1,I pay attention,NA,female,49,2,5e4bc0c29b9a2e01310c6506,2,5,independent,a,I,1638,3,4,4,3
2022-05-02 11:29:39,2022-05-02 11:32:16,0,86.24.97.27,100,157,1,2022-05-02 11:32:16,R_1mjXn14m3w2wcsW,NA,NA,NA,NA,51.4036,-0.7618,anonymous,EN,1,I pay attention,NA,female,46,2,5ef1961c74d9e67a3bd54818,2,6,independent,b,II,1320,3,4,4,3
2022-05-02 11:29:39,2022-05-02 11:32:16,0,86.24.97.27,100,157,1,2022-05-02 11:32:16,R_1mjXn14m3w2wcsW,NA,NA,NA,NA,51.4036,-0.7618,anonymous,EN,1,I pay attention,NA,female,46,2,5ef1961c74d9e67a3bd54818,2,6,dependent,a,II,1503,5,6,6,5
2022-05-02 11:30:20,2022-05-02 11:32:16,0,217.39.50.18,100,115,1,2022-05-02 11:32:16,R_2TAHJvO7Y57EDPt,NA,NA,NA,NA,52.578,1.0889,anonymous,EN,1,I pay attention,NA,female,41,3,579e431a81f331000139d5d0,2,7,dependent,b,I,1434,4,5,5,4
2022-05-02 11:30:20,2022-05-02 11:32:16,0,217.39.50.18,100,115,1,2022-05-02 11:32:16,R_2TAHJvO7Y57EDPt,NA,NA,NA,NA,52.578,1.0889,anonymous,EN,1,I pay attention,NA,female,41,3,579e431a81f331000139d5d0,2,7,independent,a,I,1624,4,5,5,4
2022-05-02 11:28:58,2022-05-02 11:32:46,0,94.4.189.104,100,228,1,2022-05-02 11:32:46,R_2rx9MVdhYt6Wqu7,NA,NA,NA,NA,51.5565,-3.3558,anonymous,EN,1,I pay attention,NA,female,61,1,6121428ebc142034b2243727,2,8,dependent,b,III,1751,4,2,2,4
2022-05-02 11:28:58,2022-05-02 11:32:46,0,94.4.189.104,100,228,1,2022-05-02 11:32:46,R_2rx9MVdhYt6Wqu7,NA,NA,NA,NA,51.5565,-3.3558,anonymous,EN,1,I pay attention,NA,female,61,1,6121428ebc142034b2243727,2,8,independent,a,III,1258,1,3,3,1
2022-05-02 11:32:06,2022-05-02 11:34:07,0,81.97.52.145,100,120,1,2022-05-02 11:34:07,R_2Csr91nFDttVZxl,NA,NA,NA,NA,52.6152,-1.6655,anonymous,EN,1,I pay attention,NA,female,27,3,60cb358cae78471cdfa7a0a6,2,9,independent,b,I,1404,3,3,3,3
2022-05-02 11:32:06,2022-05-02 11:34:07,0,81.97.52.145,100,120,1,2022-05-02 11:34:07,R_2Csr91nFDttVZxl,NA,NA,NA,NA,52.6152,-1.6655,anonymous,EN,1,I pay attention,NA,female,27,3,60cb358cae78471cdfa7a0a6,2,9,dependent,a,I,1639,2,6,6,2
2022-05-02 11:32:05,2022-05-02 11:34:53,0,84.13.109.29,100,167,1,2022-05-02 11:34:53,R_3fpEKiOVawkCk3x,NA,NA,NA,NA,53.0278,-2.1658,anonymous,EN,1,I pay attention,NA,female,39,5,60042e1859673d1c71fb2fff,2,10,dependent,b,II,1522,4,3,3,4
2022-05-02 11:32:05,2022-05-02 11:34:53,0,84.13.109.29,100,167,1,2022-05-02 11:34:53,R_3fpEKiOVawkCk3x,NA,NA,NA,NA,53.0278,-2.1658,anonymous,EN,1,I pay attention,NA,female,39,5,60042e1859673d1c71fb2fff,2,10,independent,a,II,1501,3,4,4,3
2022-05-02 11:30:05,2022-05-02 11:34:57,0,51.146.55.48,100,291,1,2022-05-02 11:34:57,R_egJxNE0mFTDv9ap,NA,NA,NA,NA,51.07,-1.7979,anonymous,EN,1,I pay attention,NA,female,66,5,56e56fa3b2093a000b4f10aa,2,11,dependent,b,III,1537,4,4,4,4
2022-05-02 11:30:05,2022-05-02 11:34:57,0,51.146.55.48,100,291,1,2022-05-02 11:34:57,R_egJxNE0mFTDv9ap,NA,NA,NA,NA,51.07,-1.7979,anonymous,EN,1,I pay attention,NA,female,66,5,56e56fa3b2093a000b4f10aa,2,11,independent,a,III,1666,5,6,6,5
2022-05-02 11:32:54,2022-05-02 11:35:27,0,86.29.103.131,100,152,1,2022-05-02 11:35:27,R_2YunD967BkQAXqn,NA,NA,NA,NA,53.5652,-2.3765,anonymous,EN,1,I pay attention,NA,male,42,6,603c30daae65109bf1a277e1,2,12,dependent,b,III,1548,2,4,4,2
2022-05-02 11:32:54,2022-05-02 11:35:27,0,86.29.103.131,100,152,1,2022-05-02 11:35:27,R_2YunD967BkQAXqn,NA,NA,NA,NA,53.5652,-2.3765,anonymous,EN,1,I pay attention,NA,male,42,6,603c30daae65109bf1a277e1,2,12,independent,a,III,1684,5,5,5,5
2022-05-02 11:32:46,2022-05-02 11:35:28,0,176.25.78.17,100,161,1,2022-05-02 11:35:28,R_Utsaxl6qGIeDL8J,NA,NA,NA,NA,51.5145,0.0706,anonymous,EN,1,I pay attention,NA,female,44,5,601d5bfad1b8f206990804f7,2,13,independent,b,I,1350,2,4,4,2
2022-05-02 11:32:46,2022-05-02 11:35:28,0,176.25.78.17,100,161,1,2022-05-02 11:35:28,R_Utsaxl6qGIeDL8J,NA,NA,NA,NA,51.5145,0.0706,anonymous,EN,1,I pay attention,NA,female,44,5,601d5bfad1b8f206990804f7,2,13,dependent,a,I,1640,4,4,4,4
2022-05-02 11:33:30,2022-05-02 11:36:00,0,94.2.12.103,100,149,1,2022-05-02 11:36:00,R_06ZWAYyGeuGpnTX,NA,NA,NA,NA,51.5565,-3.3558,anonymous,EN,1,I pay attention,NA,female,23,5,608a73d37b89a19b8bab1f72,2,14,dependent,b,I,1424,6,6,6,6
2022-05-02 11:33:30,2022-05-02 11:36:00,0,94.2.12.103,100,149,1,2022-05-02 11:36:00,R_06ZWAYyGeuGpnTX,NA,NA,NA,NA,51.5565,-3.3558,anonymous,EN,1,I pay attention,NA,female,23,5,608a73d37b89a19b8bab1f72,2,14,independent,a,I,1630,5,3,3,5
2022-05-02 11:33:36,2022-05-02 11:36:32,0,80.195.225.180,100,175,1,2022-05-02 11:36:33,R_3RgSzIl9W7u0W7K,NA,NA,NA,NA,52.6261,1.3034,anonymous,EN,1,I pay attention,NA,female,57,2,622a0b98531b1571df7b8708,2,15,dependent,b,II,1325,8,6,6,7
2022-05-02 11:33:36,2022-05-02 11:36:32,0,80.195.225.180,100,175,1,2022-05-02 11:36:33,R_3RgSzIl9W7u0W7K,NA,NA,NA,NA,52.6261,1.3034,anonymous,EN,1,I pay attention,NA,female,57,2,622a0b98531b1571df7b8708,2,15,independent,a,II,1475,5,5,5,5
2022-05-02 11:34:19,2022-05-02 11:36:37,0,80.44.222.210,100,138,1,2022-05-02 11:36:37,R_8e7nJnMn0DVYzM5,NA,NA,NA,NA,54.9749,-1.6451,anonymous,EN,1,I pay attention,NA,female,27,5,595fc9e1c11b6a0001dc1d3a,2,16,dependent,b,II,1317,3,3,3,3
2022-05-02 11:34:19,2022-05-02 11:36:37,0,80.44.222.210,100,138,1,2022-05-02 11:36:37,R_8e7nJnMn0DVYzM5,NA,NA,NA,NA,54.9749,-1.6451,anonymous,EN,1,I pay attention,NA,female,27,5,595fc9e1c11b6a0001dc1d3a,2,16,independent,a,II,1502,5,4,4,5
2022-05-02 11:34:54,2022-05-02 11:36:58,0,82.27.89.87,100,123,1,2022-05-02 11:36:58,R_2rIxowwaxdKmRii,NA,NA,NA,NA,50.8612,-0.1194,anonymous,EN,1,I pay attention,NA,female,20,5,60e496fd57415dbf13291a6e,2,17,dependent,b,I,1424,4,5,5,4
2022-05-02 11:34:54,2022-05-02 11:36:58,0,82.27.89.87,100,123,1,2022-05-02 11:36:58,R_2rIxowwaxdKmRii,NA,NA,NA,NA,50.8612,-0.1194,anonymous,EN,1,I pay attention,NA,female,20,5,60e496fd57415dbf13291a6e,2,17,independent,a,I,1635,5,4,4,5
2022-05-02 11:33:29,2022-05-02 11:36:59,0,86.162.141.116,100,210,1,2022-05-02 11:36:59,R_d0R7DvyAyl1hb3P,NA,NA,NA,NA,52.579,-1.8295,anonymous,EN,1,I pay  attention,NA,female,53,5,564deadedc21cd000dba8cff,2,18,independent,b,III,1520,4,4,4,4
2022-05-02 11:33:29,2022-05-02 11:36:59,0,86.162.141.116,100,210,1,2022-05-02 11:36:59,R_d0R7DvyAyl1hb3P,NA,NA,NA,NA,52.579,-1.8295,anonymous,EN,1,I pay  attention,NA,female,53,5,564deadedc21cd000dba8cff,2,18,dependent,a,III,1675,5,5,5,5
2022-05-02 11:34:48,2022-05-02 11:37:19,0,90.243.132.78,100,151,1,2022-05-02 11:37:19,R_3fcVJryjKEomNNI,NA,NA,NA,NA,51.8741,-2.1322,anonymous,EN,1,I pay attention,NA,female,35,5,5ff1bad5f4e23360cade1455,2,19,independent,b,III,1513,4,4,4,4
2022-05-02 11:34:48,2022-05-02 11:37:19,0,90.243.132.78,100,151,1,2022-05-02 11:37:19,R_3fcVJryjKEomNNI,NA,NA,NA,NA,51.8741,-2.1322,anonymous,EN,1,I pay attention,NA,female,35,5,5ff1bad5f4e23360cade1455,2,19,dependent,a,III,1603,3,5,5,3
2022-05-02 11:35:24,2022-05-02 11:37:22,0,185.69.145.186,100,117,1,2022-05-02 11:37:22,R_2A0EXDIyeaURU69,NA,NA,NA,NA,51.4964,-0.1224,anonymous,EN,1,I pay attention,NA,female,22,5,55c3b47dfdf99b52bdba86da,2,20,dependent,b,III,1510,5,5,5,5
2022-05-02 11:35:24,2022-05-02 11:37:22,0,185.69.145.186,100,117,1,2022-05-02 11:37:22,R_2A0EXDIyeaURU69,NA,NA,NA,NA,51.4964,-0.1224,anonymous,EN,1,I pay attention,NA,female,22,5,55c3b47dfdf99b52bdba86da,2,20,independent,a,III,1668,8,8,7,7
2022-05-02 11:34:40,2022-05-02 11:38:04,0,90.243.127.16,100,203,1,2022-05-02 11:38:05,R_1gnB2v68GDtCizV,NA,NA,NA,NA,53.5039,-2.1959,anonymous,EN,1,I pay attention,NA,male,41,5,60fbe32be2493f36595c112b,2,21,independent,b,II,1279,2,3,3,2
2022-05-02 11:34:40,2022-05-02 11:38:04,0,90.243.127.16,100,203,1,2022-05-02 11:38:05,R_1gnB2v68GDtCizV,NA,NA,NA,NA,53.5039,-2.1959,anonymous,EN,1,I pay attention,NA,male,41,5,60fbe32be2493f36595c112b,2,21,dependent,a,II,1473,2,2,2,2
2022-05-02 11:35:53,2022-05-02 11:38:12,0,86.158.26.154,100,139,1,2022-05-02 11:38:13,R_1DtCoB3e6G4jNsX,NA,NA,NA,NA,54.8334,-1.6268,anonymous,EN,1,I pay attention,NA,female,32,5,5c3207e6a4d37600010239cb,2,22,dependent,b,II,1499,3,5,5,3
2022-05-02 11:35:53,2022-05-02 11:38:12,0,86.158.26.154,100,139,1,2022-05-02 11:38:13,R_1DtCoB3e6G4jNsX,NA,NA,NA,NA,54.8334,-1.6268,anonymous,EN,1,I pay attention,NA,female,32,5,5c3207e6a4d37600010239cb,2,22,independent,a,II,1510,4,5,5,4
2022-05-02 11:36:24,2022-05-02 11:38:26,0,87.80.178.222,100,121,1,2022-05-02 11:38:26,R_1kLzfV6OZtWWgYR,NA,NA,NA,NA,53.5012,-2.4112,anonymous,EN,1,I pay attention,NA,male,26,6,5fdb21a2fec1b03771f60fc0,2,23,dependent,b,III,1509,5,4,4,5
2022-05-02 11:36:24,2022-05-02 11:38:26,0,87.80.178.222,100,121,1,2022-05-02 11:38:26,R_1kLzfV6OZtWWgYR,NA,NA,NA,NA,53.5012,-2.4112,anonymous,EN,1,I pay attention,NA,male,26,6,5fdb21a2fec1b03771f60fc0,2,23,independent,a,III,1665,8,4,4,7
2022-05-02 11:34:19,2022-05-02 11:38:28,0,86.130.199.30,100,248,1,2022-05-02 11:38:28,R_2DZXJ2wIDZ9vMtF,NA,NA,NA,NA,51.3503,-0.2014,anonymous,EN,1,I pay attention,NA,female,34,3,5af07de697a14300017d0c4f,2,24,dependent,b,I,1400,1,4,4,1
2022-05-02 11:34:19,2022-05-02 11:38:28,0,86.130.199.30,100,248,1,2022-05-02 11:38:28,R_2DZXJ2wIDZ9vMtF,NA,NA,NA,NA,51.3503,-0.2014,anonymous,EN,1,I pay attention,NA,female,34,3,5af07de697a14300017d0c4f,2,24,independent,a,I,1630,1,4,4,1
2022-05-02 11:32:35,2022-05-02 11:38:28,0,92.40.180.117,100,352,1,2022-05-02 11:38:28,R_3QWNdotQvcEvwKh,NA,NA,NA,NA,51.4964,-0.1224,anonymous,EN,1,I pay attention,NA,female,33,3,6159ef9e2c4418ec5738da1f,2,25,independent,b,II,1354,4,4,4,4
2022-05-02 11:32:35,2022-05-02 11:38:28,0,92.40.180.117,100,352,1,2022-05-02 11:38:28,R_3QWNdotQvcEvwKh,NA,NA,NA,NA,51.4964,-0.1224,anonymous,EN,1,I pay attention,NA,female,33,3,6159ef9e2c4418ec5738da1f,2,25,dependent,a,II,1502,3,4,4,3
2022-05-02 11:35:39,2022-05-02 11:38:51,0,82.26.175.231,100,192,1,2022-05-02 11:38:51,R_zUnvCZRgHWTBfuV,NA,NA,NA,NA,51.3295,0.578,anonymous,EN,1,i pay attention,NA,female,44,1,593dd25b6b824b0001a7024a,2,26,independent,b,III,1499,4,4,4,4
2022-05-02 11:35:39,2022-05-02 11:38:51,0,82.26.175.231,100,192,1,2022-05-02 11:38:51,R_zUnvCZRgHWTBfuV,NA,NA,NA,NA,51.3295,0.578,anonymous,EN,1,i pay attention,NA,female,44,1,593dd25b6b824b0001a7024a,2,26,dependent,a,III,1507,3,5,5,3
2022-05-02 11:36:04,2022-05-02 11:38:55,0,80.3.23.18,100,171,1,2022-05-02 11:38:55,R_1XMyUhohPRdE0Ct,NA,NA,NA,NA,52.7647,-0.8899,anonymous,EN,1,I pay attention,NA,female,27,6,605f3557d8f6233d8011bf7a,2,27,independent,b,II,1344,3,5,5,3
2022-05-02 11:36:04,2022-05-02 11:38:55,0,80.3.23.18,100,171,1,2022-05-02 11:38:55,R_1XMyUhohPRdE0Ct,NA,NA,NA,NA,52.7647,-0.8899,anonymous,EN,1,I pay attention,NA,female,27,6,605f3557d8f6233d8011bf7a,2,27,dependent,a,II,1472,5,5,5,5
2022-05-02 11:34:15,2022-05-02 11:38:57,0,146.198.134.11,100,282,1,2022-05-02 11:38:57,R_3EXMuurqXxUJL4X,NA,NA,NA,NA,53.2402,-2.9088,anonymous,EN,1,I pay attention,NA,female,54,2,6054f6bfbbfeb0fa319b6297,2,28,independent,b,I,1452,4,4,4,4
2022-05-02 11:34:15,2022-05-02 11:38:57,0,146.198.134.11,100,282,1,2022-05-02 11:38:57,R_3EXMuurqXxUJL4X,NA,NA,NA,NA,53.2402,-2.9088,anonymous,EN,1,I pay attention,NA,female,54,2,6054f6bfbbfeb0fa319b6297,2,28,dependent,a,I,1667,4,5,5,4
2022-05-02 11:36:41,2022-05-02 11:38:59,0,212.219.247.151,100,137,1,2022-05-02 11:38:59,R_2eX58jBPWkbsGIn,NA,NA,NA,NA,55.805,-4.2899,anonymous,EN,1,I pay attention,NA,female,52,4,5c025fa54e1b7b00016a6027,2,29,independent,b,I,1414,2,4,4,2
2022-05-02 11:36:41,2022-05-02 11:38:59,0,212.219.247.151,100,137,1,2022-05-02 11:38:59,R_2eX58jBPWkbsGIn,NA,NA,NA,NA,55.805,-4.2899,anonymous,EN,1,I pay attention,NA,female,52,4,5c025fa54e1b7b00016a6027,2,29,dependent,a,I,1623,5,5,5,5
2022-05-02 11:36:30,2022-05-02 11:39:46,0,149.241.66.70,100,196,1,2022-05-02 11:39:47,R_tWLFBXduYWhPzYR,NA,NA,NA,NA,52.5876,-1.9828,anonymous,EN,1,I pay attention,NA,female,28,3,5ec933d698740b0547386240,2,30,dependent,b,III,1502,5,4,4,5
2022-05-02 11:36:30,2022-05-02 11:39:46,0,149.241.66.70,100,196,1,2022-05-02 11:39:47,R_tWLFBXduYWhPzYR,NA,NA,NA,NA,52.5876,-1.9828,anonymous,EN,1,I pay attention,NA,female,28,3,5ec933d698740b0547386240,2,30,independent,a,III,1631,5,5,5,5
2022-05-02 11:37:22,2022-05-02 11:39:51,0,5.70.216.225,100,148,1,2022-05-02 11:39:51,R_2z5BcfadERyEf4e,NA,NA,NA,NA,53.5183,-2.4686,anonymous,EN,1,I pay attention,NA,female,27,3,6142fe1ca6b1465d8edf7a65,2,31,dependent,b,I,1346,4,2,2,4
2022-05-02 11:37:22,2022-05-02 11:39:51,0,5.70.216.225,100,148,1,2022-05-02 11:39:51,R_2z5BcfadERyEf4e,NA,NA,NA,NA,53.5183,-2.4686,anonymous,EN,1,I pay attention,NA,female,27,3,6142fe1ca6b1465d8edf7a65,2,31,independent,a,I,1606,4,4,4,4
2022-05-02 11:38:05,2022-05-02 11:39:58,0,51.148.162.204,100,113,1,2022-05-02 11:39:59,R_20Y79pQQkJOw6ZU,NA,NA,NA,NA,51.4746,-0.0924,anonymous,EN,1,I pay attention,NA,female,18,2,5fdd43408929f0402fb1ed04,2,32,independent,b,II,1323,1,4,4,1
2022-05-02 11:38:05,2022-05-02 11:39:58,0,51.148.162.204,100,113,1,2022-05-02 11:39:59,R_20Y79pQQkJOw6ZU,NA,NA,NA,NA,51.4746,-0.0924,anonymous,EN,1,I pay attention,NA,female,18,2,5fdd43408929f0402fb1ed04,2,32,dependent,a,II,1490,3,4,4,3
2022-05-02 11:37:22,2022-05-02 11:40:01,0,213.205.196.243,100,159,1,2022-05-02 11:40:02,R_1irFikFJssILcnF,NA,NA,NA,NA,53.3615,-1.507,anonymous,EN,1,I pay attention,NA,female,35,6,612797a5779a100a92a25666,2,33,independent,b,I,1361,1,4,4,1
2022-05-02 11:37:22,2022-05-02 11:40:01,0,213.205.196.243,100,159,1,2022-05-02 11:40:02,R_1irFikFJssILcnF,NA,NA,NA,NA,53.3615,-1.507,anonymous,EN,1,I pay attention,NA,female,35,6,612797a5779a100a92a25666,2,33,dependent,a,I,1620,1,4,4,1
2022-05-02 11:37:05,2022-05-02 11:40:30,0,94.1.139.90,100,205,1,2022-05-02 11:40:31,R_3dRH57ZPB1qhoYM,NA,NA,NA,NA,54.5504,-1.2532,anonymous,EN,1,I pay attention,NA,female,24,5,5e8a34563f06406ceb659473,2,34,independent,b,III,1515,6,5,5,6
2022-05-02 11:37:05,2022-05-02 11:40:30,0,94.1.139.90,100,205,1,2022-05-02 11:40:31,R_3dRH57ZPB1qhoYM,NA,NA,NA,NA,54.5504,-1.2532,anonymous,EN,1,I pay attention,NA,female,24,5,5e8a34563f06406ceb659473,2,34,dependent,a,III,1649,5,5,5,5
2022-05-02 11:37:52,2022-05-02 11:40:53,0,95.151.95.196,100,181,1,2022-05-02 11:40:54,R_sbCHls5F3cLxouR,NA,NA,NA,NA,50.5193,-4.0569,anonymous,EN,1,I pay attention,NA,female,60,5,5a48de13daea400001ac3878,2,35,dependent,b,III,1500,5,4,4,5
2022-05-02 11:37:52,2022-05-02 11:40:53,0,95.151.95.196,100,181,1,2022-05-02 11:40:54,R_sbCHls5F3cLxouR,NA,NA,NA,NA,50.5193,-4.0569,anonymous,EN,1,I pay attention,NA,female,60,5,5a48de13daea400001ac3878,2,35,independent,a,III,1654,4,4,4,4
2022-05-02 11:37:57,2022-05-02 11:41:14,0,148.252.128.252,100,196,1,2022-05-02 11:41:14,R_25GwzKY3ZVlsg7F,NA,NA,NA,NA,51.4964,-0.1224,anonymous,EN,1,I pay attention,NA,female,41,2,59663ea207ed5e0001cd1bd0,2,36,independent,b,I,1502,5,6,6,5
2022-05-02 11:37:57,2022-05-02 11:41:14,0,148.252.128.252,100,196,1,2022-05-02 11:41:14,R_25GwzKY3ZVlsg7F,NA,NA,NA,NA,51.4964,-0.1224,anonymous,EN,1,I pay attention,NA,female,41,2,59663ea207ed5e0001cd1bd0,2,36,dependent,a,I,1624,4,5,5,4
2022-05-02 11:38:56,2022-05-02 11:41:18,0,82.46.40.222,100,141,1,2022-05-02 11:41:18,R_1FfHhy7HMqibIFO,NA,NA,NA,NA,51.3873,-0.1596,anonymous,EN,1,I pay attention,NA,female,25,3,5d93d16d913bf2001a6f9017,2,37,dependent,b,II,1305,5,4,4,5
2022-05-02 11:38:56,2022-05-02 11:41:18,0,82.46.40.222,100,141,1,2022-05-02 11:41:18,R_1FfHhy7HMqibIFO,NA,NA,NA,NA,51.3873,-0.1596,anonymous,EN,1,I pay attention,NA,female,25,3,5d93d16d913bf2001a6f9017,2,37,independent,a,II,1480,4,4,4,4
2022-05-02 11:36:50,2022-05-02 11:41:22,0,95.147.123.72,100,272,1,2022-05-02 11:41:23,R_3JgTxD5IX5164AF,NA,NA,NA,NA,51.5101,-3.5817,anonymous,EN,1,I pay attention,NA,male,57,5,60292fb1bf92e7828428ed62,2,38,dependent,b,II,1331,4,5,5,4
2022-05-02 11:36:50,2022-05-02 11:41:22,0,95.147.123.72,100,272,1,2022-05-02 11:41:23,R_3JgTxD5IX5164AF,NA,NA,NA,NA,51.5101,-3.5817,anonymous,EN,1,I pay attention,NA,male,57,5,60292fb1bf92e7828428ed62,2,38,independent,a,II,1568,4,4,4,4
2022-05-02 11:38:00,2022-05-02 11:41:32,0,90.204.2.141,100,212,1,2022-05-02 11:41:33,R_BFDT3zT3RPRX26J,NA,NA,NA,NA,51.5565,0.134,anonymous,EN,1,I pay attention,NA,female,41,6,59a9d2a36fde8c0001cee6df,2,39,dependent,b,II,1317,6,6,6,6
2022-05-02 11:38:00,2022-05-02 11:41:32,0,90.204.2.141,100,212,1,2022-05-02 11:41:33,R_BFDT3zT3RPRX26J,NA,NA,NA,NA,51.5565,0.134,anonymous,EN,1,I pay attention,NA,female,41,6,59a9d2a36fde8c0001cee6df,2,39,independent,a,II,1496,6,6,6,6
2022-05-02 11:38:27,2022-05-02 11:41:43,0,86.175.143.201,100,195,1,2022-05-02 11:41:43,R_27ytgvaQwAaO0Rn,NA,NA,NA,NA,50.7021,-1.479,anonymous,EN,1,I pay attention,NA,female,69,2,5c056b769ae12d0001fca19a,2,40,independent,b,III,1518,4,5,5,4
2022-05-02 11:38:27,2022-05-02 11:41:43,0,86.175.143.201,100,195,1,2022-05-02 11:41:43,R_27ytgvaQwAaO0Rn,NA,NA,NA,NA,50.7021,-1.479,anonymous,EN,1,I pay attention,NA,female,69,2,5c056b769ae12d0001fca19a,2,40,dependent,a,III,1666,5,5,5,5
2022-05-02 11:39:06,2022-05-02 11:41:49,0,85.211.196.137,100,162,1,2022-05-02 11:41:49,R_UZ6WvB9Ogf1FHAR,NA,NA,NA,NA,52.6494,-1.1203,anonymous,EN,1,I pay attention,NA,female,41,3,5b1a60332767e20001e4f69b,2,41,dependent,b,I,1349,8,6,6,7
2022-05-02 11:39:06,2022-05-02 11:41:49,0,85.211.196.137,100,162,1,2022-05-02 11:41:49,R_UZ6WvB9Ogf1FHAR,NA,NA,NA,NA,52.6494,-1.1203,anonymous,EN,1,I pay attention,NA,female,41,3,5b1a60332767e20001e4f69b,2,41,independent,a,I,1512,2,5,5,2
2022-05-02 11:39:42,2022-05-02 11:41:59,0,86.20.120.184,100,137,1,2022-05-02 11:41:59,R_2WZHcrhlyyeBcAC,NA,NA,NA,NA,52.6181,-1.1804,anonymous,EN,1,I pay attention,NA,female,32,5,5d15d69c33ac2f0001705548,2,42,independent,b,III,1531,4,4,4,4
2022-05-02 11:39:42,2022-05-02 11:41:59,0,86.20.120.184,100,137,1,2022-05-02 11:41:59,R_2WZHcrhlyyeBcAC,NA,NA,NA,NA,52.6181,-1.1804,anonymous,EN,1,I pay attention,NA,female,32,5,5d15d69c33ac2f0001705548,2,42,dependent,a,III,1672,6,6,6,6
2022-05-02 11:35:32,2022-05-02 11:42:00,0,80.225.135.226,100,388,1,2022-05-02 11:42:01,R_129Zmu9psD9C3EZ,NA,NA,NA,NA,55.806,-3.9417,anonymous,EN,1,I pay attention,NA,female,70,5,56880beb369319000c271ed9,2,43,independent,b,II,1321,4,4,4,4
2022-05-02 11:35:32,2022-05-02 11:42:00,0,80.225.135.226,100,388,1,2022-05-02 11:42:01,R_129Zmu9psD9C3EZ,NA,NA,NA,NA,55.806,-3.9417,anonymous,EN,1,I pay attention,NA,female,70,5,56880beb369319000c271ed9,2,43,dependent,a,II,1446,4,4,4,4
2022-05-02 11:39:33,2022-05-02 11:42:11,0,82.13.136.38,100,157,1,2022-05-02 11:42:11,R_1OHabYQPY9qR3rI,NA,NA,NA,NA,50.8646,-1.0215,anonymous,EN,1,I pay attention,NA,female,59,5,56d1f9597bbc32000589a58d,2,44,independent,b,I,1400,3,4,4,3
2022-05-02 11:39:33,2022-05-02 11:42:11,0,82.13.136.38,100,157,1,2022-05-02 11:42:11,R_1OHabYQPY9qR3rI,NA,NA,NA,NA,50.8646,-1.0215,anonymous,EN,1,I pay attention,NA,female,59,5,56d1f9597bbc32000589a58d,2,44,dependent,a,I,1601,4,5,5,4
2022-05-02 11:38:36,2022-05-02 11:42:13,0,90.196.251.72,100,216,1,2022-05-02 11:42:13,R_3R3GfsZjIPg6IOB,NA,NA,NA,NA,51.9369,1.1101,anonymous,EN,1,I pay attention,NA,female,42,4,5fabe8314be9d1099fb97096,2,45,dependent,b,III,1531,5,4,4,5
2022-05-02 11:38:36,2022-05-02 11:42:13,0,90.196.251.72,100,216,1,2022-05-02 11:42:13,R_3R3GfsZjIPg6IOB,NA,NA,NA,NA,51.9369,1.1101,anonymous,EN,1,I pay attention,NA,female,42,4,5fabe8314be9d1099fb97096,2,45,independent,a,III,1680,5,5,5,5
2022-05-02 11:40:04,2022-05-02 11:42:39,0,81.153.108.207,100,154,1,2022-05-02 11:42:39,R_1NEMvPdrdZMOoNY,NA,NA,NA,NA,50.5835,-3.4707,anonymous,EN,1,I pay attention,NA,female,29,5,613a62de5484d0b75dd3833f,2,46,independent,b,III,1535,3,4,4,3
2022-05-02 11:40:04,2022-05-02 11:42:39,0,81.153.108.207,100,154,1,2022-05-02 11:42:39,R_1NEMvPdrdZMOoNY,NA,NA,NA,NA,50.5835,-3.4707,anonymous,EN,1,I pay attention,NA,female,29,5,613a62de5484d0b75dd3833f,2,46,dependent,a,III,1665,5,4,4,5
2022-05-02 11:39:44,2022-05-02 11:42:47,0,2.27.181.85,100,183,1,2022-05-02 11:42:47,R_DwoQyNKRPs2KUOl,NA,NA,NA,NA,50.8273,-0.4887,anonymous,EN,1,I pay attention,NA,female,67,2,5d530ac47f7e0b0016ee8cde,2,47,dependent,b,I,1426,5,4,4,5
2022-05-02 11:39:44,2022-05-02 11:42:47,0,2.27.181.85,100,183,1,2022-05-02 11:42:47,R_DwoQyNKRPs2KUOl,NA,NA,NA,NA,50.8273,-0.4887,anonymous,EN,1,I pay attention,NA,female,67,2,5d530ac47f7e0b0016ee8cde,2,47,independent,a,I,1619,5,6,6,5
2022-05-02 11:41:13,2022-05-02 11:42:56,0,86.191.141.186,100,103,1,2022-05-02 11:42:57,R_2akMZhEhXWTJJXt,NA,NA,NA,NA,52.4506,0.0566,anonymous,EN,1,I pay attention,NA,female,33,6,5e4d5381c5482e023caab343,2,48,independent,b,I,1421,1,2,2,1
2022-05-02 11:41:13,2022-05-02 11:42:56,0,86.191.141.186,100,103,1,2022-05-02 11:42:57,R_2akMZhEhXWTJJXt,NA,NA,NA,NA,52.4506,0.0566,anonymous,EN,1,I pay attention,NA,female,33,6,5e4d5381c5482e023caab343,2,48,dependent,a,I,1625,4,4,4,4
2022-05-02 11:41:01,2022-05-02 11:43:09,0,86.20.179.2,100,127,1,2022-05-02 11:43:09,R_vAfAw7F1KannyuZ,NA,NA,NA,NA,51.4425,-0.9267,anonymous,EN,1,I pay attention,NA,female,39,5,5aa6fcaa1ade740001b9730b,2,49,dependent,b,III,1641,3,1,1,3
2022-05-02 11:41:01,2022-05-02 11:43:09,0,86.20.179.2,100,127,1,2022-05-02 11:43:09,R_vAfAw7F1KannyuZ,NA,NA,NA,NA,51.4425,-0.9267,anonymous,EN,1,I pay attention,NA,female,39,5,5aa6fcaa1ade740001b9730b,2,49,independent,a,III,1511,3,2,2,3
2022-05-02 11:39:19,2022-05-02 11:43:16,0,147.147.62.107,100,237,1,2022-05-02 11:43:16,R_2pLvljgvibBI0lq,NA,NA,NA,NA,53.8119,-3.0226,anonymous,EN,1,I pay attention,NA,female,62,5,60ad694bb375aaecf92a8ea3,2,50,independent,b,II,1318,6,6,6,6
2022-05-02 11:39:19,2022-05-02 11:43:16,0,147.147.62.107,100,237,1,2022-05-02 11:43:16,R_2pLvljgvibBI0lq,NA,NA,NA,NA,53.8119,-3.0226,anonymous,EN,1,I pay attention,NA,female,62,5,60ad694bb375aaecf92a8ea3,2,50,dependent,a,II,1492,5,5,5,5
2022-05-02 11:42:19,2022-05-02 11:43:39,0,81.152.125.184,100,79,1,2022-05-02 11:43:39,R_1mC2KuwuyrJg7h5,NA,NA,NA,NA,53.3022,-2.2312,anonymous,EN,1,I pay attention,NA,female,28,5,5f43eb87044e556a5df55b70,2,51,independent,b,I,1413,5,5,5,5
2022-05-02 11:42:19,2022-05-02 11:43:39,0,81.152.125.184,100,79,1,2022-05-02 11:43:39,R_1mC2KuwuyrJg7h5,NA,NA,NA,NA,53.3022,-2.2312,anonymous,EN,1,I pay attention,NA,female,28,5,5f43eb87044e556a5df55b70,2,51,dependent,a,I,1639,5,4,4,5
2022-05-02 11:41:26,2022-05-02 11:43:40,0,31.52.231.75,100,134,1,2022-05-02 11:43:40,R_2zdup1WmW65AS5R,NA,NA,NA,NA,54.6551,-3.3707,anonymous,EN,1,I pay attention,NA,female,27,4,622890eeaef01f27ed88d23f,2,52,independent,b,II,1315,4,4,4,4
2022-05-02 11:41:26,2022-05-02 11:43:40,0,31.52.231.75,100,134,1,2022-05-02 11:43:40,R_2zdup1WmW65AS5R,NA,NA,NA,NA,54.6551,-3.3707,anonymous,EN,1,I pay attention,NA,female,27,4,622890eeaef01f27ed88d23f,2,52,dependent,a,II,1500,4,4,4,4
2022-05-02 11:39:37,2022-05-02 11:43:43,0,86.172.214.4,100,245,1,2022-05-02 11:43:43,R_3CpmVOO7QYcTuoN,NA,NA,NA,NA,52.5369,-0.2041,anonymous,EN,1,I pay attention,NA,female,21,3,5cae6a77b38ea60016e54889,2,53,dependent,b,II,1351,4,3,3,4
2022-05-02 11:39:37,2022-05-02 11:43:43,0,86.172.214.4,100,245,1,2022-05-02 11:43:43,R_3CpmVOO7QYcTuoN,NA,NA,NA,NA,52.5369,-0.2041,anonymous,EN,1,I pay attention,NA,female,21,3,5cae6a77b38ea60016e54889,2,53,independent,a,II,1400,3,4,4,3
2022-05-02 11:41:23,2022-05-02 11:43:59,0,92.7.229.249,100,155,1,2022-05-02 11:44:00,R_3D8iACTUlVpfYFt,NA,NA,NA,NA,50.6806,-3.8744,anonymous,EN,1,I pay attention,NA,male,29,3,5b9754dce1adf100014ac3d1,2,54,dependent,b,III,1532,6,5,5,6
2022-05-02 11:41:23,2022-05-02 11:43:59,0,92.7.229.249,100,155,1,2022-05-02 11:44:00,R_3D8iACTUlVpfYFt,NA,NA,NA,NA,50.6806,-3.8744,anonymous,EN,1,I pay attention,NA,male,29,3,5b9754dce1adf100014ac3d1,2,54,independent,a,III,1686,5,4,4,5
2022-05-02 11:41:47,2022-05-02 11:44:02,0,46.69.150.254,100,134,1,2022-05-02 11:44:03,R_2rAvJaLqtRCF97g,NA,NA,NA,NA,52.0158,-0.6904,anonymous,EN,1,I pay attention,NA,female,26,6,6147539b00c6232dc29b5f4e,2,55,dependent,b,II,1320,4,6,6,4
2022-05-02 11:41:47,2022-05-02 11:44:02,0,46.69.150.254,100,134,1,2022-05-02 11:44:03,R_2rAvJaLqtRCF97g,NA,NA,NA,NA,52.0158,-0.6904,anonymous,EN,1,I pay attention,NA,female,26,6,6147539b00c6232dc29b5f4e,2,55,independent,a,II,1400,5,5,5,5
2022-05-02 11:38:28,2022-05-02 11:44:16,0,62.64.247.80,100,348,1,2022-05-02 11:44:16,R_1dBw79p5cWw00Gq,NA,NA,NA,NA,52.5876,-1.9828,anonymous,EN,1,I pay attention,NA,female,48,4,5f16f6e1655be80008c1e046,2,56,dependent,b,I,1448,2,4,4,2
2022-05-02 11:38:28,2022-05-02 11:44:16,0,62.64.247.80,100,348,1,2022-05-02 11:44:16,R_1dBw79p5cWw00Gq,NA,NA,NA,NA,52.5876,-1.9828,anonymous,EN,1,I pay attention,NA,female,48,4,5f16f6e1655be80008c1e046,2,56,independent,a,I,1609,3,5,5,3
2022-05-02 11:41:51,2022-05-02 11:44:17,0,94.15.214.65,100,146,1,2022-05-02 11:44:17,R_8j4PIO8BUwk4DpT,NA,NA,NA,NA,50.5259,-3.6165,anonymous,EN,1,I pay attention,NA,female,61,2,5cc18045796f460019034fba,2,57,independent,b,III,1508,5,4,4,5
2022-05-02 11:41:51,2022-05-02 11:44:17,0,94.15.214.65,100,146,1,2022-05-02 11:44:17,R_8j4PIO8BUwk4DpT,NA,NA,NA,NA,50.5259,-3.6165,anonymous,EN,1,I pay attention,NA,female,61,2,5cc18045796f460019034fba,2,57,dependent,a,III,1501,2,4,4,2
2022-05-02 11:42:40,2022-05-02 11:44:28,0,2.222.92.13,100,107,1,2022-05-02 11:44:28,R_30iscuDlHFdUFFm,NA,NA,NA,NA,52.9735,-1.3255,anonymous,EN,1,I pay attention,NA,female,31,2,5c14e5d445de2c000133a7c5,2,58,independent,b,II,1335,4,4,4,4
2022-05-02 11:42:40,2022-05-02 11:44:28,0,2.222.92.13,100,107,1,2022-05-02 11:44:28,R_30iscuDlHFdUFFm,NA,NA,NA,NA,52.9735,-1.3255,anonymous,EN,1,I pay attention,NA,female,31,2,5c14e5d445de2c000133a7c5,2,58,dependent,a,II,1470,4,4,4,4
2022-05-02 11:39:33,2022-05-02 11:44:31,0,188.30.196.155,100,298,1,2022-05-02 11:44:31,R_piMNK6xhWWYi0LL,NA,NA,NA,NA,55.9144,-3.1637,anonymous,EN,1,I pay attention,NA,female,40,2,5c55a6fc3fd1450001f7b476,2,59,independent,b,II,1593,2,4,4,2
2022-05-02 11:39:33,2022-05-02 11:44:31,0,188.30.196.155,100,298,1,2022-05-02 11:44:31,R_piMNK6xhWWYi0LL,NA,NA,NA,NA,55.9144,-3.1637,anonymous,EN,1,I pay attention,NA,female,40,2,5c55a6fc3fd1450001f7b476,2,59,dependent,a,II,1536,2,5,5,2
2022-05-02 11:42:26,2022-05-02 11:44:38,0,82.132.186.13,100,132,1,2022-05-02 11:44:38,R_1IMJGD0kJpmBv1p,NA,NA,NA,NA,53.7999,-1.5125,anonymous,EN,1,I pay attention,NA,female,20,3,5e8f49e5cb8d6321556f8e8e,2,60,dependent,b,I,1387,3,3,3,3
2022-05-02 11:42:26,2022-05-02 11:44:38,0,82.132.186.13,100,132,1,2022-05-02 11:44:38,R_1IMJGD0kJpmBv1p,NA,NA,NA,NA,53.7999,-1.5125,anonymous,EN,1,I pay attention,NA,female,20,3,5e8f49e5cb8d6321556f8e8e,2,60,independent,a,I,1656,2,3,3,2
2022-05-02 11:42:34,2022-05-02 11:44:41,0,109.249.185.79,100,126,1,2022-05-02 11:44:42,R_3PiPdHfJgcM5FDR,NA,NA,NA,NA,51.4021,-0.0916,anonymous,EN,1,I pay attention,NA,female,36,5,60cd16c4034685f8fc9134e4,2,61,independent,b,III,1555,6,5,5,6
2022-05-02 11:42:34,2022-05-02 11:44:41,0,109.249.185.79,100,126,1,2022-05-02 11:44:42,R_3PiPdHfJgcM5FDR,NA,NA,NA,NA,51.4021,-0.0916,anonymous,EN,1,I pay attention,NA,female,36,5,60cd16c4034685f8fc9134e4,2,61,dependent,a,III,1672,8,6,6,7
2022-05-02 11:41:10,2022-05-02 11:44:44,0,176.25.110.85,100,214,1,2022-05-02 11:44:45,R_1jJIZRrGezaYzcx,NA,NA,NA,NA,53.2685,-0.8852,anonymous,EN,1,I pay attention,NA,female,35,4,57504af8119192000651eb8b,2,62,independent,b,II,1320,4,4,4,4
2022-05-02 11:41:10,2022-05-02 11:44:44,0,176.25.110.85,100,214,1,2022-05-02 11:44:45,R_1jJIZRrGezaYzcx,NA,NA,NA,NA,53.2685,-0.8852,anonymous,EN,1,I pay attention,NA,female,35,4,57504af8119192000651eb8b,2,62,dependent,a,II,1480,4,4,4,4
2022-05-02 11:42:33,2022-05-02 11:44:47,0,109.157.98.31,100,134,1,2022-05-02 11:44:47,R_32XV4AUN6gohbsd,NA,NA,NA,NA,51.5602,-1.6173,anonymous,EN,1,I pay attention,NA,female,25,6,5a799309f49c9a0001f31396,2,63,independent,b,I,1423,4,4,4,4
2022-05-02 11:42:33,2022-05-02 11:44:47,0,109.157.98.31,100,134,1,2022-05-02 11:44:47,R_32XV4AUN6gohbsd,NA,NA,NA,NA,51.5602,-1.6173,anonymous,EN,1,I pay attention,NA,female,25,6,5a799309f49c9a0001f31396,2,63,dependent,a,I,1631,3,4,4,3
2022-05-02 11:41:37,2022-05-02 11:44:48,0,86.146.134.219,100,191,1,2022-05-02 11:44:48,R_2waBQX4LGUvAnBG,NA,NA,NA,NA,51.1278,-3.0001,anonymous,EN,1,I pay attention,NA,female,42,2,5bf192725431290001de4ba3,2,64,dependent,b,I,1400,4,4,4,4
2022-05-02 11:41:37,2022-05-02 11:44:48,0,86.146.134.219,100,191,1,2022-05-02 11:44:48,R_2waBQX4LGUvAnBG,NA,NA,NA,NA,51.1278,-3.0001,anonymous,EN,1,I pay attention,NA,female,42,2,5bf192725431290001de4ba3,2,64,independent,a,I,1600,5,6,6,5
2022-05-02 11:42:06,2022-05-02 11:44:51,0,176.250.28.7,100,164,1,2022-05-02 11:44:51,R_1hXAD5o8IINvwpC,NA,NA,NA,NA,53.7881,-1.6008,anonymous,EN,1,I pay attention,NA,male,62,5,5cf0e467027fc1001560c7ff,2,65,dependent,b,II,1336,5,6,6,5
2022-05-02 11:42:06,2022-05-02 11:44:51,0,176.250.28.7,100,164,1,2022-05-02 11:44:51,R_1hXAD5o8IINvwpC,NA,NA,NA,NA,53.7881,-1.6008,anonymous,EN,1,I pay attention,NA,male,62,5,5cf0e467027fc1001560c7ff,2,65,independent,a,II,1494,4,5,5,4
2022-05-02 11:41:41,2022-05-02 11:45:03,0,92.28.177.90,100,202,1,2022-05-02 11:45:04,R_3q9vb9eeawEH0dr,NA,NA,NA,NA,50.7976,0.3029,anonymous,EN,1,I pay attention,NA,female,72,5,5991efc7b83f800001a5e431,2,66,dependent,b,I,1408,4,5,5,4
2022-05-02 11:41:41,2022-05-02 11:45:03,0,92.28.177.90,100,202,1,2022-05-02 11:45:04,R_3q9vb9eeawEH0dr,NA,NA,NA,NA,50.7976,0.3029,anonymous,EN,1,I pay attention,NA,female,72,5,5991efc7b83f800001a5e431,2,66,independent,a,I,1641,4,5,5,4
2022-05-02 11:41:15,2022-05-02 11:45:05,0,81.152.101.126,100,229,1,2022-05-02 11:45:05,R_3n7bHMcqp594Zbi,NA,NA,NA,NA,56.1185,-3.7941,anonymous,EN,1,I pay attention,NA,female,55,4,613a4a1ae9d2a3b70481d61c,2,67,dependent,b,III,1513,4,4,4,4
2022-05-02 11:41:15,2022-05-02 11:45:05,0,81.152.101.126,100,229,1,2022-05-02 11:45:05,R_3n7bHMcqp594Zbi,NA,NA,NA,NA,56.1185,-3.7941,anonymous,EN,1,I pay attention,NA,female,55,4,613a4a1ae9d2a3b70481d61c,2,67,independent,a,III,1769,2,3,3,2
2022-05-02 11:42:25,2022-05-02 11:45:08,0,86.148.190.212,100,162,1,2022-05-02 11:45:08,R_1jlxWdmXLbaEOzs,NA,NA,NA,NA,53.4809,-2.2374,anonymous,EN,1,I pay attention,NA,female,44,3,6012ce011fcab507983adbdf,2,68,dependent,b,III,1503,3,4,4,3
2022-05-02 11:42:25,2022-05-02 11:45:08,0,86.148.190.212,100,162,1,2022-05-02 11:45:08,R_1jlxWdmXLbaEOzs,NA,NA,NA,NA,53.4809,-2.2374,anonymous,EN,1,I pay attention,NA,female,44,3,6012ce011fcab507983adbdf,2,68,independent,a,III,1648,2,4,4,2
2022-05-02 11:39:40,2022-05-02 11:45:19,0,213.107.51.118,100,338,1,2022-05-02 11:45:19,R_1dhSoRIz7tP4KeS,NA,NA,NA,NA,52.5674,-2.0333,anonymous,EN,1,I pay attention,NA,female,33,5,5f591a5a9a49e211efead835,2,69,dependent,b,II,1304,5,5,5,5
2022-05-02 11:39:40,2022-05-02 11:45:19,0,213.107.51.118,100,338,1,2022-05-02 11:45:19,R_1dhSoRIz7tP4KeS,NA,NA,NA,NA,52.5674,-2.0333,anonymous,EN,1,I pay attention,NA,female,33,5,5f591a5a9a49e211efead835,2,69,independent,a,II,1504,1,4,4,1
2022-05-02 11:44:25,2022-05-02 11:45:23,0,144.82.9.249,100,58,1,2022-05-02 11:45:23,R_1CJWhg54jfuFFod,NA,NA,NA,NA,51.5466,-0.1232,anonymous,EN,1,I pay attention,NA,female,19,3,60fd3f4a362b98fba94ed072,2,70,dependent,b,II,1315,5,6,6,5
2022-05-02 11:44:25,2022-05-02 11:45:23,0,144.82.9.249,100,58,1,2022-05-02 11:45:23,R_1CJWhg54jfuFFod,NA,NA,NA,NA,51.5466,-0.1232,anonymous,EN,1,I pay attention,NA,female,19,3,60fd3f4a362b98fba94ed072,2,70,independent,a,II,1461,5,5,5,5
2022-05-02 11:39:39,2022-05-02 11:45:38,0,217.43.125.110,100,359,1,2022-05-02 11:45:39,R_1mPl20ALZK0So2f,NA,NA,NA,NA,55.8119,-4.2573,anonymous,EN,1,I pay attention,NA,female,45,5,5e47e2ba8b051d28255d9c7c,2,71,independent,b,III,1608,1,4,4,1
2022-05-02 11:39:39,2022-05-02 11:45:38,0,217.43.125.110,100,359,1,2022-05-02 11:45:39,R_1mPl20ALZK0So2f,NA,NA,NA,NA,55.8119,-4.2573,anonymous,EN,1,I pay attention,NA,female,45,5,5e47e2ba8b051d28255d9c7c,2,71,dependent,a,III,1666,1,4,4,1
2022-05-02 11:43:27,2022-05-02 11:45:55,0,109.155.13.63,100,147,1,2022-05-02 11:45:55,R_1lc3iwvu78XzSHS,NA,NA,NA,NA,51.8053,-0.8086,anonymous,EN,1,I pay attention,NA,female,62,2,5e444548394cd52d1885d92e,2,72,dependent,b,III,1517,5,5,5,5
2022-05-02 11:43:27,2022-05-02 11:45:55,0,109.155.13.63,100,147,1,2022-05-02 11:45:55,R_1lc3iwvu78XzSHS,NA,NA,NA,NA,51.8053,-0.8086,anonymous,EN,1,I pay attention,NA,female,62,2,5e444548394cd52d1885d92e,2,72,independent,a,III,1654,6,6,6,6
2022-05-02 11:43:51,2022-05-02 11:45:59,0,81.156.199.12,100,128,1,2022-05-02 11:45:59,R_2cC8rjTvdNqjvJx,NA,NA,NA,NA,50.3348,-4.7593,anonymous,EN,1,I pay attention,NA,NA,41,5,5c7bc14c5a66930001243b00,2,73,independent,b,III,1539,3,4,4,3
2022-05-02 11:43:51,2022-05-02 11:45:59,0,81.156.199.12,100,128,1,2022-05-02 11:45:59,R_2cC8rjTvdNqjvJx,NA,NA,NA,NA,50.3348,-4.7593,anonymous,EN,1,I pay attention,NA,NA,41,5,5c7bc14c5a66930001243b00,2,73,dependent,a,III,1511,1,4,4,1
2022-05-02 11:43:49,2022-05-02 11:46:07,0,5.69.121.242,100,138,1,2022-05-02 11:46:07,R_ZjUU1nNh7YmSs6J,NA,NA,NA,NA,55.9135,-4.4084,anonymous,EN,1,I pay attention,NA,female,37,1,5992d3a6bf8bcf0001ab664e,2,74,dependent,b,I,1382,4,4,4,4
2022-05-02 11:43:49,2022-05-02 11:46:07,0,5.69.121.242,100,138,1,2022-05-02 11:46:07,R_ZjUU1nNh7YmSs6J,NA,NA,NA,NA,55.9135,-4.4084,anonymous,EN,1,I pay attention,NA,female,37,1,5992d3a6bf8bcf0001ab664e,2,74,independent,a,I,1560,1,4,4,1
2022-05-02 11:44:08,2022-05-02 11:46:10,0,80.189.250.108,100,121,1,2022-05-02 11:46:10,R_3lsh1xGXORIjCfe,NA,NA,NA,NA,51.8373,0.8174,anonymous,EN,1,I pay attention,NA,male,62,3,5da1efa20b299d0017df1c0b,2,75,independent,b,III,1520,5,4,4,5
2022-05-02 11:44:08,2022-05-02 11:46:10,0,80.189.250.108,100,121,1,2022-05-02 11:46:10,R_3lsh1xGXORIjCfe,NA,NA,NA,NA,51.8373,0.8174,anonymous,EN,1,I pay attention,NA,male,62,3,5da1efa20b299d0017df1c0b,2,75,dependent,a,III,1600,5,5,5,5
2022-05-02 11:44:11,2022-05-02 11:46:10,0,90.195.114.203,100,119,1,2022-05-02 11:46:11,R_2aFS3aeWBFcHKSW,NA,NA,NA,NA,55.6683,-2.8554,anonymous,EN,1,I pay attention,NA,female,22,5,60cfcfc0911cf803000dc62d,2,76,dependent,b,III,1521,2,5,5,2
2022-05-02 11:44:11,2022-05-02 11:46:10,0,90.195.114.203,100,119,1,2022-05-02 11:46:11,R_2aFS3aeWBFcHKSW,NA,NA,NA,NA,55.6683,-2.8554,anonymous,EN,1,I pay attention,NA,female,22,5,60cfcfc0911cf803000dc62d,2,76,independent,a,III,1686,1,4,4,1
2022-05-02 11:45:01,2022-05-02 11:46:13,0,82.132.231.114,100,72,1,2022-05-02 11:46:14,R_DC9y8IxR4UOfW5X,NA,NA,NA,NA,51.542,-0.2409,anonymous,EN,1,I pay attention,NA,female,31,3,5f8ea9364cec4802021bd171,2,77,independent,b,II,1222,4,4,4,4
2022-05-02 11:45:01,2022-05-02 11:46:13,0,82.132.231.114,100,72,1,2022-05-02 11:46:14,R_DC9y8IxR4UOfW5X,NA,NA,NA,NA,51.542,-0.2409,anonymous,EN,1,I pay attention,NA,female,31,3,5f8ea9364cec4802021bd171,2,77,dependent,a,II,1330,4,5,5,4
2022-05-02 11:44:17,2022-05-02 11:46:17,0,92.236.31.114,100,119,1,2022-05-02 11:46:17,R_0jkPCkL5wlQ7fCF,NA,NA,NA,NA,56.5292,-3.0745,anonymous,EN,1,I pay attention,NA,female,42,5,5fb3eac8b39b0a0008124fd8,2,78,dependent,b,I,1508,2,4,4,2
2022-05-02 11:44:17,2022-05-02 11:46:17,0,92.236.31.114,100,119,1,2022-05-02 11:46:17,R_0jkPCkL5wlQ7fCF,NA,NA,NA,NA,56.5292,-3.0745,anonymous,EN,1,I pay attention,NA,female,42,5,5fb3eac8b39b0a0008124fd8,2,78,independent,a,I,1628,4,4,4,4
2022-05-02 11:42:49,2022-05-02 11:46:26,0,176.249.184.148,100,216,1,2022-05-02 11:46:26,R_2fp8BaA7otXfjvZ,NA,NA,NA,NA,53.7042,-1.6784,anonymous,EN,1,I pay attention,NA,female,37,5,596a00f61a0f2200019a714b,2,79,independent,b,II,1323,3,4,4,3
2022-05-02 11:42:49,2022-05-02 11:46:26,0,176.249.184.148,100,216,1,2022-05-02 11:46:26,R_2fp8BaA7otXfjvZ,NA,NA,NA,NA,53.7042,-1.6784,anonymous,EN,1,I pay attention,NA,female,37,5,596a00f61a0f2200019a714b,2,79,dependent,a,II,1500,2,4,4,2
2022-05-02 11:45:26,2022-05-02 11:47:01,0,81.137.236.222,100,95,1,2022-05-02 11:47:04,R_3MaI0z0tR36PLyj,NA,NA,NA,NA,51.4964,-0.1224,anonymous,EN,1,I pay attention,NA,male,32,4,59b69c0fb269ef000180172f,2,80,independent,b,I,1421,5,6,6,5
2022-05-02 11:45:26,2022-05-02 11:47:01,0,81.137.236.222,100,95,1,2022-05-02 11:47:04,R_3MaI0z0tR36PLyj,NA,NA,NA,NA,51.4964,-0.1224,anonymous,EN,1,I pay attention,NA,male,32,4,59b69c0fb269ef000180172f,2,80,dependent,a,I,1617,5,5,5,5
2022-05-02 11:44:10,2022-05-02 11:47:10,0,86.167.159.254,100,179,1,2022-05-02 11:47:10,R_29cCDCGZhXNqFiE,NA,NA,NA,NA,50.8431,-1.064,anonymous,EN,1,I pay attention,NA,female,48,5,5d07689bad18d40001bb73c1,2,81,independent,b,II,1184,2,3,3,2
2022-05-02 11:44:10,2022-05-02 11:47:10,0,86.167.159.254,100,179,1,2022-05-02 11:47:10,R_29cCDCGZhXNqFiE,NA,NA,NA,NA,50.8431,-1.064,anonymous,EN,1,I pay attention,NA,female,48,5,5d07689bad18d40001bb73c1,2,81,dependent,a,II,1473,2,4,4,2
2022-05-02 11:44:43,2022-05-02 11:47:19,0,92.1.10.78,100,156,1,2022-05-02 11:47:19,R_3J4uC4UxxsZt8kY,NA,NA,NA,NA,52.5852,-0.236,anonymous,EN,1,I pay attention,NA,female,25,4,5e43c54c1d4be4251bedd75f,2,82,independent,b,I,1361,4,5,5,4
2022-05-02 11:44:43,2022-05-02 11:47:19,0,92.1.10.78,100,156,1,2022-05-02 11:47:19,R_3J4uC4UxxsZt8kY,NA,NA,NA,NA,52.5852,-0.236,anonymous,EN,1,I pay attention,NA,female,25,4,5e43c54c1d4be4251bedd75f,2,82,dependent,a,I,1642,5,5,5,5
2022-05-02 11:45:26,2022-05-02 11:47:21,0,5.67.53.191,100,115,1,2022-05-02 11:47:21,R_1I5Xq2hCueGBz1N,NA,NA,NA,NA,50.8335,-0.5464,anonymous,EN,1,i pay attention,NA,female,33,4,6161a5c64cafc96b04988d3e,2,83,independent,b,I,1466,2,4,4,2
2022-05-02 11:45:26,2022-05-02 11:47:21,0,5.67.53.191,100,115,1,2022-05-02 11:47:21,R_1I5Xq2hCueGBz1N,NA,NA,NA,NA,50.8335,-0.5464,anonymous,EN,1,i pay attention,NA,female,33,4,6161a5c64cafc96b04988d3e,2,83,dependent,a,I,1638,4,4,4,4
2022-05-02 11:43:44,2022-05-02 11:47:26,0,82.20.218.237,100,221,1,2022-05-02 11:47:26,R_DIsQFtfKkIK9EAh,NA,NA,NA,NA,52.25,-0.8833,anonymous,EN,1,I pay attention,NA,female,25,5,612537a07969bc6fb1d5d070,2,84,dependent,b,I,1327,2,3,3,2
2022-05-02 11:43:44,2022-05-02 11:47:26,0,82.20.218.237,100,221,1,2022-05-02 11:47:26,R_DIsQFtfKkIK9EAh,NA,NA,NA,NA,52.25,-0.8833,anonymous,EN,1,I pay attention,NA,female,25,5,612537a07969bc6fb1d5d070,2,84,independent,a,I,1623,5,5,5,5
2022-05-02 11:45:15,2022-05-02 11:47:29,0,86.30.105.22,100,133,1,2022-05-02 11:47:29,R_3QRjxn5ALu9i7lX,NA,NA,NA,NA,51.4566,-0.968,anonymous,EN,1,I pay attention,NA,female,47,3,58d8fcb9f94de20001fbcd0d,2,85,dependent,b,III,1526,2,4,4,2
2022-05-02 11:45:15,2022-05-02 11:47:29,0,86.30.105.22,100,133,1,2022-05-02 11:47:29,R_3QRjxn5ALu9i7lX,NA,NA,NA,NA,51.4566,-0.968,anonymous,EN,1,I pay attention,NA,female,47,3,58d8fcb9f94de20001fbcd0d,2,85,independent,a,III,1648,2,4,4,2
2022-05-02 11:30:52,2022-05-02 11:47:30,0,188.222.119.73,100,997,1,2022-05-02 11:47:31,R_2sYfPuEpEDWpfpe,NA,NA,NA,NA,53.4044,-3.0715,anonymous,EN,1,I pay attention,NA,female,35,4,613c9a42e69e6298c8bfbd14,2,86,independent,b,III,1577,5,5,5,5
2022-05-02 11:30:52,2022-05-02 11:47:30,0,188.222.119.73,100,997,1,2022-05-02 11:47:31,R_2sYfPuEpEDWpfpe,NA,NA,NA,NA,53.4044,-3.0715,anonymous,EN,1,I pay attention,NA,female,35,4,613c9a42e69e6298c8bfbd14,2,86,dependent,a,III,1661,4,4,4,4
2022-05-02 11:46:00,2022-05-02 11:47:31,0,209.93.229.206,100,90,1,2022-05-02 11:47:31,R_1kLeQ720jfweu6W,NA,NA,NA,NA,53.5676,-1.584,anonymous,EN,1,I pay attention,NA,female,29,5,596364ecbd04330001fccdf3,2,87,independent,b,II,1330,6,5,5,6
2022-05-02 11:46:00,2022-05-02 11:47:31,0,209.93.229.206,100,90,1,2022-05-02 11:47:31,R_1kLeQ720jfweu6W,NA,NA,NA,NA,53.5676,-1.584,anonymous,EN,1,I pay attention,NA,female,29,5,596364ecbd04330001fccdf3,2,87,dependent,a,II,1485,4,4,4,4
2022-05-02 11:45:20,2022-05-02 11:47:40,0,2.126.35.6,100,139,1,2022-05-02 11:47:40,R_31ARqK5XpcOaGIS,NA,NA,NA,NA,51.2105,-1.5001,anonymous,EN,1,I pay attention,NA,female,30,5,61732398300543fd6936d9f5,2,88,dependent,b,II,1355,3,4,4,3
2022-05-02 11:45:20,2022-05-02 11:47:40,0,2.126.35.6,100,139,1,2022-05-02 11:47:40,R_31ARqK5XpcOaGIS,NA,NA,NA,NA,51.2105,-1.5001,anonymous,EN,1,I pay attention,NA,female,30,5,61732398300543fd6936d9f5,2,88,independent,a,II,1461,1,5,5,1
2022-05-02 11:45:50,2022-05-02 11:47:47,0,81.98.135.19,100,116,1,2022-05-02 11:47:47,R_1EaMTPOAWDTRVH1,NA,NA,NA,NA,52.9538,-1.1571,anonymous,EN,1,I pay attention,NA,female,27,6,5ab94e8cf69e940001d8fd25,2,89,dependent,b,III,1500,3,5,5,3
2022-05-02 11:45:50,2022-05-02 11:47:47,0,81.98.135.19,100,116,1,2022-05-02 11:47:47,R_1EaMTPOAWDTRVH1,NA,NA,NA,NA,52.9538,-1.1571,anonymous,EN,1,I pay attention,NA,female,27,6,5ab94e8cf69e940001d8fd25,2,89,independent,a,III,1673,4,5,5,4
2022-05-02 11:43:39,2022-05-02 11:47:54,0,94.9.234.17,100,254,1,2022-05-02 11:47:54,R_3NCie5nL0aHMTgM,NA,NA,NA,NA,54.5571,-3.5903,anonymous,EN,1,I pay attention,NA,male,35,5,61fa913ed42cb19beec49321,2,90,independent,b,III,1510,2,3,3,2
2022-05-02 11:43:39,2022-05-02 11:47:54,0,94.9.234.17,100,254,1,2022-05-02 11:47:54,R_3NCie5nL0aHMTgM,NA,NA,NA,NA,54.5571,-3.5903,anonymous,EN,1,I pay attention,NA,male,35,5,61fa913ed42cb19beec49321,2,90,dependent,a,III,1700,6,5,5,6
2022-05-02 11:45:20,2022-05-02 11:47:54,0,95.144.107.157,100,154,1,2022-05-02 11:47:54,R_3QERHJSb2UKqUVq,NA,NA,NA,NA,51.5892,0.0699,anonymous,EN,1,I pay attention,NA,female,26,6,6118143e3c87cb99af12966f,2,91,independent,b,II,1350,5,3,3,5
2022-05-02 11:45:20,2022-05-02 11:47:54,0,95.144.107.157,100,154,1,2022-05-02 11:47:54,R_3QERHJSb2UKqUVq,NA,NA,NA,NA,51.5892,0.0699,anonymous,EN,1,I pay attention,NA,female,26,6,6118143e3c87cb99af12966f,2,91,dependent,a,II,1504,8,4,4,7
2022-05-02 11:45:47,2022-05-02 11:47:58,0,188.221.35.46,100,130,1,2022-05-02 11:47:58,R_Yb5rR76g3O1xzH3,NA,NA,NA,NA,53.4067,-2.5637,anonymous,EN,1,I pay attention,NA,female,47,5,61281ceabca58f9ca90ef4fc,2,92,dependent,b,III,1525,4,4,4,4
2022-05-02 11:45:47,2022-05-02 11:47:58,0,188.221.35.46,100,130,1,2022-05-02 11:47:58,R_Yb5rR76g3O1xzH3,NA,NA,NA,NA,53.4067,-2.5637,anonymous,EN,1,I pay attention,NA,female,47,5,61281ceabca58f9ca90ef4fc,2,92,independent,a,III,1569,3,3,3,3
2022-05-02 11:44:52,2022-05-02 11:47:58,0,81.132.58.233,100,186,1,2022-05-02 11:47:59,R_PTdPJQNTZNpxuN3,NA,NA,NA,NA,53.9275,-3.0053,anonymous,EN,1,I pay attention,NA,male,43,3,5dd2ccb118beb62d260e6747,2,93,dependent,b,I,1500,2,4,4,2
2022-05-02 11:44:52,2022-05-02 11:47:58,0,81.132.58.233,100,186,1,2022-05-02 11:47:59,R_PTdPJQNTZNpxuN3,NA,NA,NA,NA,53.9275,-3.0053,anonymous,EN,1,I pay attention,NA,male,43,3,5dd2ccb118beb62d260e6747,2,93,independent,a,I,1500,2,4,4,2
2022-05-02 11:44:08,2022-05-02 11:48:03,0,86.185.37.17,100,234,1,2022-05-02 11:48:03,R_1OTTKeaFYHdNVkf,NA,NA,NA,NA,57.6533,-3.3219,anonymous,EN,1,I pay attention,NA,female,59,2,5a9a9a5335237b0001129318,2,94,independent,b,I,1227,1,3,3,1
2022-05-02 11:44:08,2022-05-02 11:48:03,0,86.185.37.17,100,234,1,2022-05-02 11:48:03,R_1OTTKeaFYHdNVkf,NA,NA,NA,NA,57.6533,-3.3219,anonymous,EN,1,I pay attention,NA,female,59,2,5a9a9a5335237b0001129318,2,94,dependent,a,I,1558,1,5,5,1
2022-05-02 11:44:55,2022-05-02 11:48:07,0,81.141.131.110,100,192,1,2022-05-02 11:48:08,R_2uPsUfJSNpDVGvE,NA,NA,NA,NA,53.2558,-1.4292,anonymous,EN,1,I pay attention,NA,female,24,2,5f4a51981e77f004cc1a0b64,2,95,independent,b,III,1573,1,3,3,1
2022-05-02 11:44:55,2022-05-02 11:48:07,0,81.141.131.110,100,192,1,2022-05-02 11:48:08,R_2uPsUfJSNpDVGvE,NA,NA,NA,NA,53.2558,-1.4292,anonymous,EN,1,I pay attention,NA,female,24,2,5f4a51981e77f004cc1a0b64,2,95,dependent,a,III,1630,3,3,3,3
2022-05-02 11:44:57,2022-05-02 11:48:08,0,90.197.182.99,100,191,1,2022-05-02 11:48:09,R_21B1kVG9MGHaPug,NA,NA,NA,NA,51.7864,0.5998,anonymous,EN,1,I pay attention,NA,female,55,3,5e36f262185582000ae281b4,2,96,dependent,b,II,1803,4,4,4,4
2022-05-02 11:44:57,2022-05-02 11:48:08,0,90.197.182.99,100,191,1,2022-05-02 11:48:09,R_21B1kVG9MGHaPug,NA,NA,NA,NA,51.7864,0.5998,anonymous,EN,1,I pay attention,NA,female,55,3,5e36f262185582000ae281b4,2,96,independent,a,II,1500,5,3,3,5
2022-05-02 11:45:47,2022-05-02 11:48:09,0,82.43.180.55,100,142,1,2022-05-02 11:48:10,R_1n28y2XIoa7lKmj,NA,NA,NA,NA,53.6393,-1.5249,anonymous,EN,1,I pay attention,NA,female,32,6,5e41d56250cd36000ac74d1e,2,97,independent,b,II,1323,5,5,5,5
2022-05-02 11:45:47,2022-05-02 11:48:09,0,82.43.180.55,100,142,1,2022-05-02 11:48:10,R_1n28y2XIoa7lKmj,NA,NA,NA,NA,53.6393,-1.5249,anonymous,EN,1,I pay attention,NA,female,32,6,5e41d56250cd36000ac74d1e,2,97,dependent,a,II,1400,4,4,4,4
2022-05-02 11:46:05,2022-05-02 11:48:13,0,46.64.190.63,100,128,1,2022-05-02 11:48:14,R_2VwJdXbFzpJp83x,NA,NA,NA,NA,53.4834,-2.0596,anonymous,EN,1,I pay attention,NA,female,44,5,5ebbea369da72a018c463ed4,2,98,independent,b,III,1501,1,4,4,1
2022-05-02 11:46:05,2022-05-02 11:48:13,0,46.64.190.63,100,128,1,2022-05-02 11:48:14,R_2VwJdXbFzpJp83x,NA,NA,NA,NA,53.4834,-2.0596,anonymous,EN,1,I pay attention,NA,female,44,5,5ebbea369da72a018c463ed4,2,98,dependent,a,III,1713,1,6,6,1
2022-05-02 11:45:49,2022-05-02 11:48:19,0,86.132.154.72,100,150,1,2022-05-02 11:48:20,R_3p2Urq5WSEoVEnA,NA,NA,NA,NA,54.6455,-6.2494,anonymous,EN,1,I pay attention,NA,female,59,2,5aac615eb8bbc90001394731,2,99,dependent,b,II,1332,5,4,4,5
2022-05-02 11:45:49,2022-05-02 11:48:19,0,86.132.154.72,100,150,1,2022-05-02 11:48:20,R_3p2Urq5WSEoVEnA,NA,NA,NA,NA,54.6455,-6.2494,anonymous,EN,1,I pay attention,NA,female,59,2,5aac615eb8bbc90001394731,2,99,independent,a,II,1500,4,5,5,4
2022-05-02 11:42:56,2022-05-02 11:48:22,0,148.252.128.106,100,325,1,2022-05-02 11:48:22,R_1f2GcsBwPI6pm8Y,NA,NA,NA,NA,51.4964,-0.1224,anonymous,EN,1,I pay attention,NA,male,38,5,5e23554c114df8614f53cb3e,2,100,independent,b,I,1400,2,4,4,2
2022-05-02 11:42:56,2022-05-02 11:48:22,0,148.252.128.106,100,325,1,2022-05-02 11:48:22,R_1f2GcsBwPI6pm8Y,NA,NA,NA,NA,51.4964,-0.1224,anonymous,EN,1,I pay attention,NA,male,38,5,5e23554c114df8614f53cb3e,2,100,dependent,a,I,1625,2,4,4,2
2022-05-02 11:46:10,2022-05-02 11:48:48,0,86.133.255.251,100,158,1,2022-05-02 11:48:48,R_1Oiy8pmcGc8Vn12,NA,NA,NA,NA,52.11,-1.048,anonymous,EN,1,I pay attention,NA,female,50,2,5d7fea714477a000012cc297,2,101,independent,b,III,1510,5,6,6,5
2022-05-02 11:46:10,2022-05-02 11:48:48,0,86.133.255.251,100,158,1,2022-05-02 11:48:48,R_1Oiy8pmcGc8Vn12,NA,NA,NA,NA,52.11,-1.048,anonymous,EN,1,I pay attention,NA,female,50,2,5d7fea714477a000012cc297,2,101,dependent,a,III,1700,5,6,6,5
2022-05-02 11:45:51,2022-05-02 11:49:08,0,31.53.225.103,100,197,1,2022-05-02 11:49:08,R_2y0YF5EobjFat1z,NA,NA,NA,NA,50.8335,-0.5464,anonymous,EN,1,I pay attention,NA,female,57,8,5f04a3571d12807453322e72,2,102,independent,b,I,1452,5,5,5,5
2022-05-02 11:45:51,2022-05-02 11:49:08,0,31.53.225.103,100,197,1,2022-05-02 11:49:08,R_2y0YF5EobjFat1z,NA,NA,NA,NA,50.8335,-0.5464,anonymous,EN,1,I pay attention,NA,female,57,8,5f04a3571d12807453322e72,2,102,dependent,a,I,1600,5,6,6,5
2022-05-02 11:45:23,2022-05-02 11:49:20,0,194.75.87.60,100,236,1,2022-05-02 11:49:20,R_1hMztQFmePkESnk,NA,NA,NA,NA,51.7385,-2.2194,anonymous,EN,1,I pay attention,NA,female,44,5,6123b12f54cc7365f7dbb80d,2,103,dependent,b,I,1375,5,5,5,5
2022-05-02 11:45:23,2022-05-02 11:49:20,0,194.75.87.60,100,236,1,2022-05-02 11:49:20,R_1hMztQFmePkESnk,NA,NA,NA,NA,51.7385,-2.2194,anonymous,EN,1,I pay attention,NA,female,44,5,6123b12f54cc7365f7dbb80d,2,103,independent,a,I,1600,4,8,7,4
2022-05-02 11:46:03,2022-05-02 11:49:36,0,86.19.160.167,100,212,1,2022-05-02 11:49:36,R_1d4Z9crikRRaoym,NA,NA,NA,NA,55.503,-4.597,anonymous,EN,1,I pay attention,NA,female,68,5,5e68b5e1857da315e3b0f06a,2,104,independent,b,II,1333,8,8,7,7
2022-05-02 11:46:03,2022-05-02 11:49:36,0,86.19.160.167,100,212,1,2022-05-02 11:49:36,R_1d4Z9crikRRaoym,NA,NA,NA,NA,55.503,-4.597,anonymous,EN,1,I pay attention,NA,female,68,5,5e68b5e1857da315e3b0f06a,2,104,dependent,a,II,1489,8,8,7,7
2022-05-02 11:44:16,2022-05-02 11:49:45,0,109.158.29.201,100,328,1,2022-05-02 11:49:45,R_3CWoXNUZm47IDsL,NA,NA,NA,NA,54.0958,-2.2814,anonymous,EN,1,I pay attention,NA,female,46,6,5f985f3a4bc1cf120675f408,2,105,dependent,b,III,1511,3,4,4,3
2022-05-02 11:44:16,2022-05-02 11:49:45,0,109.158.29.201,100,328,1,2022-05-02 11:49:45,R_3CWoXNUZm47IDsL,NA,NA,NA,NA,54.0958,-2.2814,anonymous,EN,1,I pay attention,NA,female,46,6,5f985f3a4bc1cf120675f408,2,105,independent,a,III,1665,4,4,4,4
2022-05-02 11:47:03,2022-05-02 11:49:58,0,86.170.129.115,100,175,1,2022-05-02 11:49:59,R_r7wn7Svc5YXSyKl,NA,NA,NA,NA,51.5975,-0.1915,anonymous,EN,1,I pay attention,NA,male,54,6,5ea806dea2d63e011f551ef6,2,106,dependent,b,I,1400,4,5,5,4
2022-05-02 11:47:03,2022-05-02 11:49:58,0,86.170.129.115,100,175,1,2022-05-02 11:49:59,R_r7wn7Svc5YXSyKl,NA,NA,NA,NA,51.5975,-0.1915,anonymous,EN,1,I pay attention,NA,male,54,6,5ea806dea2d63e011f551ef6,2,106,independent,a,I,1652,5,5,5,5
2022-05-02 11:43:18,2022-05-02 11:50:09,0,5.68.148.191,100,410,1,2022-05-02 11:50:10,R_CekUtxJP3vw5VCN,NA,NA,NA,NA,51.8843,1.009,anonymous,EN,1,I pay attention,NA,female,22,5,5e6e244a1814a43cc31f430a,2,107,dependent,b,II,1300,6,5,5,6
2022-05-02 11:43:18,2022-05-02 11:50:09,0,5.68.148.191,100,410,1,2022-05-02 11:50:10,R_CekUtxJP3vw5VCN,NA,NA,NA,NA,51.8843,1.009,anonymous,EN,1,I pay attention,NA,female,22,5,5e6e244a1814a43cc31f430a,2,107,independent,a,II,1449,3,4,4,3
2022-05-02 11:45:52,2022-05-02 11:50:21,0,90.246.2.75,100,269,1,2022-05-02 11:50:21,R_31a8oPMzrSH2HVd,NA,NA,NA,NA,53.8226,-1.568,anonymous,EN,1,I pay attention,NA,female,34,4,5fa93434da1f2403bd803a43,2,108,independent,b,III,1527,3,3,3,3
2022-05-02 11:45:52,2022-05-02 11:50:21,0,90.246.2.75,100,269,1,2022-05-02 11:50:21,R_31a8oPMzrSH2HVd,NA,NA,NA,NA,53.8226,-1.568,anonymous,EN,1,I pay attention,NA,female,34,4,5fa93434da1f2403bd803a43,2,108,dependent,a,III,1668,4,4,4,4
2022-05-02 11:45:04,2022-05-02 11:50:27,0,80.6.184.23,100,323,1,2022-05-02 11:50:28,R_3n01J4DYNzNVDbw,NA,NA,NA,NA,55.503,-4.597,anonymous,EN,1,I pay attention,NA,female,29,5,5ec058a657050d3186bdb3d3,2,109,dependent,b,II,1328,5,5,5,5
2022-05-02 11:45:04,2022-05-02 11:50:27,0,80.6.184.23,100,323,1,2022-05-02 11:50:28,R_3n01J4DYNzNVDbw,NA,NA,NA,NA,55.503,-4.597,anonymous,EN,1,I pay attention,NA,female,29,5,5ec058a657050d3186bdb3d3,2,109,independent,a,II,1472,5,5,5,5
2022-05-02 11:48:04,2022-05-02 11:50:39,0,86.151.123.18,100,155,1,2022-05-02 11:50:39,R_3CUW1Yf3rCgi5Lw,NA,NA,NA,NA,54.1287,-1.4363,anonymous,EN,1,I pay attention,NA,male,48,5,6074402e5037d235f384e046,2,110,independent,b,II,1332,6,6,6,6
2022-05-02 11:48:04,2022-05-02 11:50:39,0,86.151.123.18,100,155,1,2022-05-02 11:50:39,R_3CUW1Yf3rCgi5Lw,NA,NA,NA,NA,54.1287,-1.4363,anonymous,EN,1,I pay attention,NA,male,48,5,6074402e5037d235f384e046,2,110,dependent,a,II,1482,4,4,4,4
2022-05-02 11:44:17,2022-05-02 11:50:42,0,80.189.240.174,100,384,1,2022-05-02 11:50:42,R_SCsb6HczKbP0Vbz,NA,NA,NA,NA,53.7287,-2.6559,anonymous,EN,1,I pay attention,NA,female,50,5,623474bd58035e7cd84b7500,2,111,independent,b,I,1438,4,4,4,4
2022-05-02 11:44:17,2022-05-02 11:50:42,0,80.189.240.174,100,384,1,2022-05-02 11:50:42,R_SCsb6HczKbP0Vbz,NA,NA,NA,NA,53.7287,-2.6559,anonymous,EN,1,I pay attention,NA,female,50,5,623474bd58035e7cd84b7500,2,111,dependent,a,I,1617,4,4,4,4
2022-05-02 11:44:38,2022-05-02 11:50:45,0,86.5.200.128,100,367,1,2022-05-02 11:50:45,R_2YFxERXwAgZfPJ0,NA,NA,NA,NA,52.3966,-0.7212,anonymous,EN,1,I pay attention,NA,female,32,5,6166c1a447914a35c8a2c195,2,112,dependent,b,I,1500,3,4,4,3
2022-05-02 11:44:38,2022-05-02 11:50:45,0,86.5.200.128,100,367,1,2022-05-02 11:50:45,R_2YFxERXwAgZfPJ0,NA,NA,NA,NA,52.3966,-0.7212,anonymous,EN,1,I pay attention,NA,female,32,5,6166c1a447914a35c8a2c195,2,112,independent,a,I,1617,4,4,4,4
2022-05-02 11:48:12,2022-05-02 11:51:04,0,51.194.187.160,100,171,1,2022-05-02 11:51:04,R_uh0joZmHAGwaehX,NA,NA,NA,NA,53.7037,-1.639,anonymous,EN,1,I pay attention,NA,male,37,2,5f709bd12fcbfe673d756220,2,113,dependent,b,III,1518,3,4,4,3
2022-05-02 11:48:12,2022-05-02 11:51:04,0,51.194.187.160,100,171,1,2022-05-02 11:51:04,R_uh0joZmHAGwaehX,NA,NA,NA,NA,53.7037,-1.639,anonymous,EN,1,I pay attention,NA,male,37,2,5f709bd12fcbfe673d756220,2,113,independent,a,III,1666,4,4,4,4
2022-05-02 11:49:55,2022-05-02 11:51:11,0,87.81.26.11,100,76,1,2022-05-02 11:51:11,R_PwALdnjA4k96Igh,NA,NA,NA,NA,53.1346,-1.2489,anonymous,EN,1,I pay attention,NA,male,29,3,58c96ae35d4292000141491d,2,114,dependent,b,I,1441,5,4,4,5
2022-05-02 11:49:55,2022-05-02 11:51:11,0,87.81.26.11,100,76,1,2022-05-02 11:51:11,R_PwALdnjA4k96Igh,NA,NA,NA,NA,53.1346,-1.2489,anonymous,EN,1,I pay attention,NA,male,29,3,58c96ae35d4292000141491d,2,114,independent,a,I,1554,3,4,4,3
2022-05-02 11:48:58,2022-05-02 11:51:21,0,213.205.242.153,100,142,1,2022-05-02 11:51:21,R_rlny9HpTY6cJepz,NA,NA,NA,NA,52.455,-1.8641,anonymous,EN,1,I PAY ATTENTION,NA,male,44,2,5e1297656e8aab8e8a1b3b76,2,115,dependent,b,II,1275,4,4,4,4
2022-05-02 11:48:58,2022-05-02 11:51:21,0,213.205.242.153,100,142,1,2022-05-02 11:51:21,R_rlny9HpTY6cJepz,NA,NA,NA,NA,52.455,-1.8641,anonymous,EN,1,I PAY ATTENTION,NA,male,44,2,5e1297656e8aab8e8a1b3b76,2,115,independent,a,II,1683,1,4,4,1
2022-05-02 11:47:21,2022-05-02 11:51:48,0,2.98.97.132,100,266,1,2022-05-02 11:51:48,R_3svOyRBsKd1d2vF,NA,NA,NA,NA,51.3571,-2.2584,anonymous,EN,1,I pay attention,NA,male,57,2,5ae6054c58af2400010a45b6,2,116,independent,b,I,1430,5,4,4,5
2022-05-02 11:47:21,2022-05-02 11:51:48,0,2.98.97.132,100,266,1,2022-05-02 11:51:48,R_3svOyRBsKd1d2vF,NA,NA,NA,NA,51.3571,-2.2584,anonymous,EN,1,I pay attention,NA,male,57,2,5ae6054c58af2400010a45b6,2,116,dependent,a,I,1614,5,5,5,5
2022-05-02 11:45:09,2022-05-02 11:51:54,0,82.4.13.165,100,404,1,2022-05-02 11:51:54,R_2WVjQyBSDF91rjT,NA,NA,NA,NA,52.9234,-1.4725,anonymous,EN,1,I pay attention,NA,female,26,5,60d9f1f5e766b5f3eb00a7c4,2,117,dependent,b,II,1345,3,4,4,3
2022-05-02 11:45:09,2022-05-02 11:51:54,0,82.4.13.165,100,404,1,2022-05-02 11:51:54,R_2WVjQyBSDF91rjT,NA,NA,NA,NA,52.9234,-1.4725,anonymous,EN,1,I pay attention,NA,female,26,5,60d9f1f5e766b5f3eb00a7c4,2,117,independent,a,II,1492,5,4,4,5
2022-05-02 11:49:24,2022-05-02 11:51:55,0,31.205.117.254,100,150,1,2022-05-02 11:51:55,R_3QPhEqPBdkX3btF,NA,NA,NA,NA,51.4781,-0.0279,anonymous,EN,1,I pay attention,NA,male,22,5,6101765176223559300fb42f,2,118,dependent,b,III,1585,5,4,4,5
2022-05-02 11:49:24,2022-05-02 11:51:55,0,31.205.117.254,100,150,1,2022-05-02 11:51:55,R_3QPhEqPBdkX3btF,NA,NA,NA,NA,51.4781,-0.0279,anonymous,EN,1,I pay attention,NA,male,22,5,6101765176223559300fb42f,2,118,independent,a,III,1699,6,4,4,6
2022-05-02 11:48:53,2022-05-02 11:51:57,0,84.70.188.18,100,183,1,2022-05-02 11:51:57,R_cucCiwyS29OsW41,NA,NA,NA,NA,51.456,-0.0611,anonymous,EN,1,i pay attention,NA,male,64,2,5cc86691ac689b0001118e90,2,119,independent,b,I,1501,2,4,4,2
2022-05-02 11:48:53,2022-05-02 11:51:57,0,84.70.188.18,100,183,1,2022-05-02 11:51:57,R_cucCiwyS29OsW41,NA,NA,NA,NA,51.456,-0.0611,anonymous,EN,1,i pay attention,NA,male,64,2,5cc86691ac689b0001118e90,2,119,dependent,a,I,1600,2,4,4,2
2022-05-02 11:50:35,2022-05-02 11:51:57,0,46.64.131.135,100,81,1,2022-05-02 11:51:58,R_esKraOL0h5BQV5n,NA,NA,NA,NA,52.4141,-0.5216,anonymous,EN,1,I pay attention,NA,male,32,3,5eced49f680aa62e1e265eee,2,120,independent,b,III,1518,4,4,4,4
2022-05-02 11:50:35,2022-05-02 11:51:57,0,46.64.131.135,100,81,1,2022-05-02 11:51:58,R_esKraOL0h5BQV5n,NA,NA,NA,NA,52.4141,-0.5216,anonymous,EN,1,I pay attention,NA,male,32,3,5eced49f680aa62e1e265eee,2,120,dependent,a,III,1673,4,5,5,4
2022-05-02 11:45:39,2022-05-02 11:52:02,0,51.7.253.98,100,383,1,2022-05-02 11:52:02,R_6fbgQeLTDlgMfSh,NA,NA,NA,NA,53.552,-1.4872,anonymous,EN,1,I pay attention,NA,male,26,5,5b170586c9d3cb00010fda70,2,121,dependent,b,III,1572,6,5,5,6
2022-05-02 11:45:39,2022-05-02 11:52:02,0,51.7.253.98,100,383,1,2022-05-02 11:52:02,R_6fbgQeLTDlgMfSh,NA,NA,NA,NA,53.552,-1.4872,anonymous,EN,1,I pay attention,NA,male,26,5,5b170586c9d3cb00010fda70,2,121,independent,a,III,1600,8,5,5,7
2022-05-02 11:50:46,2022-05-02 11:52:14,0,86.19.37.211,100,88,1,2022-05-02 11:52:14,R_31HIUa1363EkHdH,NA,NA,NA,NA,52.4391,-1.5039,anonymous,EN,1,I pay attention,NA,male,19,2,5f2c0173c2a0880139c1edae,2,122,independent,b,II,1328,5,4,4,5
2022-05-02 11:50:46,2022-05-02 11:52:14,0,86.19.37.211,100,88,1,2022-05-02 11:52:14,R_31HIUa1363EkHdH,NA,NA,NA,NA,52.4391,-1.5039,anonymous,EN,1,I pay attention,NA,male,19,2,5f2c0173c2a0880139c1edae,2,122,dependent,a,II,1501,2,5,5,2
2022-05-02 11:50:06,2022-05-02 11:52:14,0,94.2.10.83,100,128,1,2022-05-02 11:52:15,R_1n72PXzhXhzae4R,NA,NA,NA,NA,53.4957,-2.088,anonymous,EN,1,I pay attention,NA,male,50,2,5d67f7470b04ed00010ff8fe,2,123,dependent,b,I,1653,5,6,6,5
2022-05-02 11:50:06,2022-05-02 11:52:14,0,94.2.10.83,100,128,1,2022-05-02 11:52:15,R_1n72PXzhXhzae4R,NA,NA,NA,NA,53.4957,-2.088,anonymous,EN,1,I pay attention,NA,male,50,2,5d67f7470b04ed00010ff8fe,2,123,independent,a,I,1372,4,3,3,4
2022-05-02 11:48:35,2022-05-02 11:52:41,0,209.93.244.168,100,245,1,2022-05-02 11:52:42,R_1CBgN0XCjdiLgtJ,NA,NA,NA,NA,53.3202,-2.1413,anonymous,EN,1,I pay attention,NA,male,41,3,566e1aec744e3e0005b4e668,2,124,independent,b,II,1314,4,5,5,4
2022-05-02 11:48:35,2022-05-02 11:52:41,0,209.93.244.168,100,245,1,2022-05-02 11:52:42,R_1CBgN0XCjdiLgtJ,NA,NA,NA,NA,53.3202,-2.1413,anonymous,EN,1,I pay attention,NA,male,41,3,566e1aec744e3e0005b4e668,2,124,dependent,a,II,1475,4,5,5,4
2022-05-02 11:50:29,2022-05-02 11:52:58,0,176.250.225.109,100,148,1,2022-05-02 11:52:58,R_24N8zK78uiDu7GP,NA,NA,NA,NA,51.9037,-2.0848,anonymous,EN,1,I pay attention,NA,male,18,3,5f181c1f4a29c50e1fd07923,2,125,independent,b,III,1521,6,6,6,6
2022-05-02 11:50:29,2022-05-02 11:52:58,0,176.250.225.109,100,148,1,2022-05-02 11:52:58,R_24N8zK78uiDu7GP,NA,NA,NA,NA,51.9037,-2.0848,anonymous,EN,1,I pay attention,NA,male,18,3,5f181c1f4a29c50e1fd07923,2,125,dependent,a,III,1852,4,4,4,4
2022-05-02 11:51:00,2022-05-02 11:53:14,0,78.151.223.74,100,134,1,2022-05-02 11:53:14,R_2dRBPMvhTJ0qvDX,NA,NA,NA,NA,55.9649,-2.9456,anonymous,EN,1,I pay attention,NA,male,66,6,5f0766baa1aa2f12767758cd,2,126,dependent,b,I,1531,4,5,5,4
2022-05-02 11:51:00,2022-05-02 11:53:14,0,78.151.223.74,100,134,1,2022-05-02 11:53:14,R_2dRBPMvhTJ0qvDX,NA,NA,NA,NA,55.9649,-2.9456,anonymous,EN,1,I pay attention,NA,male,66,6,5f0766baa1aa2f12767758cd,2,126,independent,a,I,1445,3,5,5,3
2022-05-02 11:51:03,2022-05-02 11:53:23,0,2.28.141.162,100,140,1,2022-05-02 11:53:24,R_1IFZ9CIuxzNUXKZ,NA,NA,NA,NA,53.5762,-0.7391,anonymous,EN,1,I pay attention,NA,male,29,5,5c3ef42b82596200019d75c0,2,127,dependent,b,III,1532,3,3,3,3
2022-05-02 11:51:03,2022-05-02 11:53:23,0,2.28.141.162,100,140,1,2022-05-02 11:53:24,R_1IFZ9CIuxzNUXKZ,NA,NA,NA,NA,53.5762,-0.7391,anonymous,EN,1,I pay attention,NA,male,29,5,5c3ef42b82596200019d75c0,2,127,independent,a,III,1680,3,3,3,3
2022-05-02 11:47:44,2022-05-02 11:53:28,0,92.232.117.83,100,343,1,2022-05-02 11:53:29,R_3MQdXD6ASvlZhHa,NA,NA,NA,NA,53.552,-1.4872,anonymous,EN,1,I pay attention,NA,male,46,3,5f581e67a65b023913f667e8,2,128,independent,b,III,1520,2,4,4,2
2022-05-02 11:47:44,2022-05-02 11:53:28,0,92.232.117.83,100,343,1,2022-05-02 11:53:29,R_3MQdXD6ASvlZhHa,NA,NA,NA,NA,53.552,-1.4872,anonymous,EN,1,I pay attention,NA,male,46,3,5f581e67a65b023913f667e8,2,128,dependent,a,III,1700,4,4,4,4
2022-05-02 11:51:24,2022-05-02 11:53:28,0,92.40.178.174,100,124,1,2022-05-02 11:53:29,R_2UbXIF0Kk1hdGia,NA,NA,NA,NA,51.4964,-0.1224,anonymous,EN,1,I pay attention,NA,male,38,4,5a5f9560ac56240001543637,2,129,dependent,b,II,1345,4,4,4,4
2022-05-02 11:51:24,2022-05-02 11:53:28,0,92.40.178.174,100,124,1,2022-05-02 11:53:29,R_2UbXIF0Kk1hdGia,NA,NA,NA,NA,51.4964,-0.1224,anonymous,EN,1,I pay attention,NA,male,38,4,5a5f9560ac56240001543637,2,129,independent,a,II,1509,4,4,4,4
2022-05-02 11:48:58,2022-05-02 11:53:29,0,85.210.39.5,100,271,1,2022-05-02 11:53:30,R_3Ges0HWdXXsRge2,NA,NA,NA,NA,52.9538,-1.1571,anonymous,EN,1,I pay attention,NA,male,51,5,5b8a709614e8c6000104eafa,2,130,independent,b,I,1423,6,5,5,6
2022-05-02 11:48:58,2022-05-02 11:53:29,0,85.210.39.5,100,271,1,2022-05-02 11:53:30,R_3Ges0HWdXXsRge2,NA,NA,NA,NA,52.9538,-1.1571,anonymous,EN,1,I pay attention,NA,male,51,5,5b8a709614e8c6000104eafa,2,130,dependent,a,I,1624,6,5,5,6
2022-05-02 11:51:54,2022-05-02 11:53:38,0,147.147.238.32,100,104,1,2022-05-02 11:53:39,R_3CCyRbKs6EKbFVA,NA,NA,NA,NA,58.9705,-2.9655,anonymous,EN,1,I pay attention,NA,male,33,4,608d74791c7dbdfe879575d9,2,131,independent,b,I,1400,6,4,4,6
2022-05-02 11:51:54,2022-05-02 11:53:38,0,147.147.238.32,100,104,1,2022-05-02 11:53:39,R_3CCyRbKs6EKbFVA,NA,NA,NA,NA,58.9705,-2.9655,anonymous,EN,1,I pay attention,NA,male,33,4,608d74791c7dbdfe879575d9,2,131,dependent,a,I,1600,5,4,4,5
2022-05-02 11:51:52,2022-05-02 11:53:40,0,92.18.41.230,100,107,1,2022-05-02 11:53:40,R_3oyAJei88SR7bgO,NA,NA,NA,NA,51.8167,-0.8055,anonymous,EN,1,I pay attention,NA,male,28,5,5e10fb772e47257c16e19607,2,132,dependent,b,III,1514,4,5,5,4
2022-05-02 11:51:52,2022-05-02 11:53:40,0,92.18.41.230,100,107,1,2022-05-02 11:53:40,R_3oyAJei88SR7bgO,NA,NA,NA,NA,51.8167,-0.8055,anonymous,EN,1,I pay attention,NA,male,28,5,5e10fb772e47257c16e19607,2,132,independent,a,III,1669,3,4,4,3
2022-05-02 11:52:56,2022-05-02 11:54:30,0,82.21.8.73,100,93,1,2022-05-02 11:54:30,R_1gT5ZWVPPMm5Vgo,NA,NA,NA,NA,54.5585,-1.1476,anonymous,EN,1,I pay attention,NA,male,52,5,5b7859413c1375000197d844,2,133,dependent,b,II,1351,3,3,3,3
2022-05-02 11:52:56,2022-05-02 11:54:30,0,82.21.8.73,100,93,1,2022-05-02 11:54:30,R_1gT5ZWVPPMm5Vgo,NA,NA,NA,NA,54.5585,-1.1476,anonymous,EN,1,I pay attention,NA,male,52,5,5b7859413c1375000197d844,2,133,independent,a,II,1469,2,4,4,2
2022-05-02 11:47:46,2022-05-02 11:54:36,0,88.110.103.223,100,409,1,2022-05-02 11:54:36,R_cXPrYc7tk8Ia2mR,NA,NA,NA,NA,55.8892,-4.2351,anonymous,EN,1,I pay attention,NA,male,18,2,609fa1421d23b45a8e8c47ef,2,134,independent,b,II,1348,3,4,4,3
2022-05-02 11:47:46,2022-05-02 11:54:36,0,88.110.103.223,100,409,1,2022-05-02 11:54:36,R_cXPrYc7tk8Ia2mR,NA,NA,NA,NA,55.8892,-4.2351,anonymous,EN,1,I pay attention,NA,male,18,2,609fa1421d23b45a8e8c47ef,2,134,dependent,a,II,1487,4,4,4,4
2022-05-02 11:52:10,2022-05-02 11:55:10,0,82.47.39.17,100,179,1,2022-05-02 11:55:10,R_3L1pzsNmT6zmmrY,NA,NA,NA,NA,52.6261,1.3034,anonymous,EN,1,i pay attention,NA,male,59,2,6229e14b090a9d3045c50e1d,2,135,independent,b,III,1293,3,3,3,3
2022-05-02 11:52:10,2022-05-02 11:55:10,0,82.47.39.17,100,179,1,2022-05-02 11:55:10,R_3L1pzsNmT6zmmrY,NA,NA,NA,NA,52.6261,1.3034,anonymous,EN,1,i pay attention,NA,male,59,2,6229e14b090a9d3045c50e1d,2,135,dependent,a,III,1249,3,4,4,3
2022-05-02 11:53:53,2022-05-02 11:55:17,0,150.143.158.113,100,83,1,2022-05-02 11:55:17,R_1mV4AtR0fA4NnX0,NA,NA,NA,NA,51.4964,-0.1224,anonymous,EN,1,I pay attention,NA,male,45,5,56a9057a119265000b6e12ee,2,136,independent,b,I,1420,5,5,5,5
2022-05-02 11:53:53,2022-05-02 11:55:17,0,150.143.158.113,100,83,1,2022-05-02 11:55:17,R_1mV4AtR0fA4NnX0,NA,NA,NA,NA,51.4964,-0.1224,anonymous,EN,1,I pay attention,NA,male,45,5,56a9057a119265000b6e12ee,2,136,dependent,a,I,1625,5,6,6,5
2022-05-02 11:51:20,2022-05-02 11:55:39,0,86.11.246.42,100,258,1,2022-05-02 11:55:39,R_xaAQ1ZOZ73zqWul,NA,NA,NA,NA,50.8358,-1.0619,anonymous,EN,1,I pay attention,NA,male,58,5,5dcc2835e50faf8c303e7484,2,137,dependent,b,I,1425,5,6,6,5
2022-05-02 11:51:20,2022-05-02 11:55:39,0,86.11.246.42,100,258,1,2022-05-02 11:55:39,R_xaAQ1ZOZ73zqWul,NA,NA,NA,NA,50.8358,-1.0619,anonymous,EN,1,I pay attention,NA,male,58,5,5dcc2835e50faf8c303e7484,2,137,independent,a,I,1625,6,8,7,6
2022-05-02 11:54:21,2022-05-02 11:55:57,0,88.98.94.171,100,95,1,2022-05-02 11:55:58,R_2zBaiHgEf6TIeVB,NA,NA,NA,NA,51.536,-0.0925,anonymous,EN,1,I pay attention,NA,male,44,6,5870a098da731b000104a3ff,2,138,dependent,b,III,1527,6,5,5,6
2022-05-02 11:54:21,2022-05-02 11:55:57,0,88.98.94.171,100,95,1,2022-05-02 11:55:58,R_2zBaiHgEf6TIeVB,NA,NA,NA,NA,51.536,-0.0925,anonymous,EN,1,I pay attention,NA,male,44,6,5870a098da731b000104a3ff,2,138,independent,a,III,1651,5,5,5,5
2022-05-02 11:53:30,2022-05-02 11:56:12,0,188.221.179.245,100,162,1,2022-05-02 11:56:13,R_2bTQ52T8d4rnZ8Q,NA,NA,NA,NA,53.8226,-1.568,anonymous,EN,1,I pay attention,NA,male,33,5,5ae219585b920d0001410957,2,139,dependent,b,I,1400,3,4,4,3
2022-05-02 11:53:30,2022-05-02 11:56:12,0,188.221.179.245,100,162,1,2022-05-02 11:56:13,R_2bTQ52T8d4rnZ8Q,NA,NA,NA,NA,53.8226,-1.568,anonymous,EN,1,I pay attention,NA,male,33,5,5ae219585b920d0001410957,2,139,independent,a,I,1652,2,4,4,2
2022-05-02 11:54:31,2022-05-02 11:56:13,0,86.155.60.149,100,101,1,2022-05-02 11:56:13,R_3HCdbVHIBSmBjeC,NA,NA,NA,NA,51.4409,0.0985,anonymous,EN,1,I pay attention,NA,male,41,6,5c1b7b36960792000195f33a,2,140,dependent,b,I,1500,3,2,2,3
2022-05-02 11:54:31,2022-05-02 11:56:13,0,86.155.60.149,100,101,1,2022-05-02 11:56:13,R_3HCdbVHIBSmBjeC,NA,NA,NA,NA,51.4409,0.0985,anonymous,EN,1,I pay attention,NA,male,41,6,5c1b7b36960792000195f33a,2,140,independent,a,I,1648,2,2,2,2
2022-05-02 11:53:25,2022-05-02 11:56:26,0,151.230.89.234,100,180,1,2022-05-02 11:56:26,R_11cLYn2AY5N37DQ,NA,NA,NA,NA,51.504,-0.3609,anonymous,EN,1,I pay attention,NA,female,37,3,58c3c197da66280001b3c6e8,2,141,dependent,b,II,1100,3,5,5,3
2022-05-02 11:53:25,2022-05-02 11:56:26,0,151.230.89.234,100,180,1,2022-05-02 11:56:26,R_11cLYn2AY5N37DQ,NA,NA,NA,NA,51.504,-0.3609,anonymous,EN,1,I pay attention,NA,female,37,3,58c3c197da66280001b3c6e8,2,141,independent,a,II,1010,2,4,4,2
2022-05-02 11:51:55,2022-05-02 11:56:36,0,86.4.157.29,100,280,1,2022-05-02 11:56:36,R_10U7UZigPRs29uc,NA,NA,NA,NA,51.5646,0.0898,anonymous,EN,1,i pay attention,NA,male,50,5,5c745bc320c8520012dcc40c,2,142,independent,b,II,1341,6,5,5,6
2022-05-02 11:51:55,2022-05-02 11:56:36,0,86.4.157.29,100,280,1,2022-05-02 11:56:36,R_10U7UZigPRs29uc,NA,NA,NA,NA,51.5646,0.0898,anonymous,EN,1,i pay attention,NA,male,50,5,5c745bc320c8520012dcc40c,2,142,dependent,a,II,1499,4,5,5,4
2022-05-02 11:52:18,2022-05-02 11:56:55,0,147.148.231.56,100,277,1,2022-05-02 11:56:56,R_3RfmOGPFWiOZUrj,NA,NA,NA,NA,53.6393,-1.5249,anonymous,EN,1,I pay attention,NA,male,60,3,622cbbb6e4bac2c1cd8419b6,2,143,independent,b,III,1337,4,4,4,4
2022-05-02 11:52:18,2022-05-02 11:56:55,0,147.148.231.56,100,277,1,2022-05-02 11:56:56,R_3RfmOGPFWiOZUrj,NA,NA,NA,NA,53.6393,-1.5249,anonymous,EN,1,I pay attention,NA,male,60,3,622cbbb6e4bac2c1cd8419b6,2,143,dependent,a,III,1501,3,4,4,3
2022-05-02 11:54:35,2022-05-02 11:57:00,0,109.150.246.200,100,144,1,2022-05-02 11:57:00,R_1OP50SQm48cQBfD,NA,NA,NA,NA,53.3488,-1.4091,anonymous,EN,1,I pay attention,NA,male,52,4,5fb3a3c38a7d5903b43c1949,2,144,independent,b,II,1323,3,2,2,3
2022-05-02 11:54:35,2022-05-02 11:57:00,0,109.150.246.200,100,144,1,2022-05-02 11:57:00,R_1OP50SQm48cQBfD,NA,NA,NA,NA,53.3488,-1.4091,anonymous,EN,1,I pay attention,NA,male,52,4,5fb3a3c38a7d5903b43c1949,2,144,dependent,a,II,1440,3,5,5,3
2022-05-02 11:53:52,2022-05-02 11:57:02,0,147.147.209.44,100,189,1,2022-05-02 11:57:02,R_1dMrmQNd7t5Rq9Y,NA,NA,NA,NA,51.0079,-2.672,anonymous,EN,1,I pay attention,NA,male,49,7,5886dd2d2ef66f0001df36b0,2,145,independent,b,I,1496,4,5,5,4
2022-05-02 11:53:52,2022-05-02 11:57:02,0,147.147.209.44,100,189,1,2022-05-02 11:57:02,R_1dMrmQNd7t5Rq9Y,NA,NA,NA,NA,51.0079,-2.672,anonymous,EN,1,I pay attention,NA,male,49,7,5886dd2d2ef66f0001df36b0,2,145,dependent,a,I,1639,4,5,5,4
2022-05-02 11:55:11,2022-05-02 11:57:04,0,89.240.78.10,100,113,1,2022-05-02 11:57:05,R_CZx1sxP4QRVNf3z,NA,NA,NA,NA,51.4643,-0.0119,anonymous,EN,1,I pay attention,NA,male,59,6,5f58c43de85564044e06775f,2,146,independent,b,III,1524,5,5,5,5
2022-05-02 11:55:11,2022-05-02 11:57:04,0,89.240.78.10,100,113,1,2022-05-02 11:57:05,R_CZx1sxP4QRVNf3z,NA,NA,NA,NA,51.4643,-0.0119,anonymous,EN,1,I pay attention,NA,male,59,6,5f58c43de85564044e06775f,2,146,dependent,a,III,1499,1,4,4,1
2022-05-02 11:53:57,2022-05-02 11:57:27,0,86.189.133.233,100,209,1,2022-05-02 11:57:27,R_yUAAfKIXVJgEuK5,NA,NA,NA,NA,55.8036,-4.1294,anonymous,EN,1,I pay attention,NA,male,34,5,60173c3dd4e20d98d894aa6d,2,147,dependent,b,III,1562,4,2,2,4
2022-05-02 11:53:57,2022-05-02 11:57:27,0,86.189.133.233,100,209,1,2022-05-02 11:57:27,R_yUAAfKIXVJgEuK5,NA,NA,NA,NA,55.8036,-4.1294,anonymous,EN,1,I pay attention,NA,male,34,5,60173c3dd4e20d98d894aa6d,2,147,independent,a,III,1675,5,4,4,5
2022-05-02 11:55:28,2022-05-02 11:57:41,0,87.115.85.226,100,133,1,2022-05-02 11:57:42,R_3LgMCapBmBr0TD7,NA,NA,NA,NA,51.0075,-3.1015,anonymous,EN,1,I pay attention,NA,male,45,3,5c780b32f2fe9400169291fb,2,148,dependent,b,I,1400,5,4,4,5
2022-05-02 11:55:28,2022-05-02 11:57:41,0,87.115.85.226,100,133,1,2022-05-02 11:57:42,R_3LgMCapBmBr0TD7,NA,NA,NA,NA,51.0075,-3.1015,anonymous,EN,1,I pay attention,NA,male,45,3,5c780b32f2fe9400169291fb,2,148,independent,a,I,1651,5,4,4,5
2022-05-02 11:55:40,2022-05-02 11:57:45,0,2.222.35.223,100,125,1,2022-05-02 11:57:45,R_1inj8ODCoQUuorw,NA,NA,NA,NA,50.8099,-1.9787,anonymous,EN,1,I pay attention,NA,male,32,5,5ec107c5a81ee01731ccaebf,2,149,dependent,b,III,1500,3,4,4,3
2022-05-02 11:55:40,2022-05-02 11:57:45,0,2.222.35.223,100,125,1,2022-05-02 11:57:45,R_1inj8ODCoQUuorw,NA,NA,NA,NA,50.8099,-1.9787,anonymous,EN,1,I pay attention,NA,male,32,5,5ec107c5a81ee01731ccaebf,2,149,independent,a,III,1642,1,4,4,1
2022-05-02 11:56:23,2022-05-02 11:57:50,0,86.20.4.217,100,87,1,2022-05-02 11:57:50,R_3HGlkasH42heoB5,NA,NA,NA,NA,50.746,-1.9791,anonymous,EN,1,I pay attention,NA,male,36,5,5e731cb7f23ae1273679466b,2,150,independent,b,I,1400,3,4,4,3
2022-05-02 11:56:23,2022-05-02 11:57:50,0,86.20.4.217,100,87,1,2022-05-02 11:57:50,R_3HGlkasH42heoB5,NA,NA,NA,NA,50.746,-1.9791,anonymous,EN,1,I pay attention,NA,male,36,5,5e731cb7f23ae1273679466b,2,150,dependent,a,I,1601,2,4,4,2
2022-05-02 11:55:43,2022-05-02 11:57:52,0,81.110.202.124,100,128,1,2022-05-02 11:57:52,R_2zeDDDFMhrKwl46,NA,NA,NA,NA,51.3926,1.4046,anonymous,EN,1,I pay attention,NA,male,50,2,5caf46d9c7cdac00168f6407,2,151,independent,b,III,1506,4,4,4,4
2022-05-02 11:55:43,2022-05-02 11:57:52,0,81.110.202.124,100,128,1,2022-05-02 11:57:52,R_2zeDDDFMhrKwl46,NA,NA,NA,NA,51.3926,1.4046,anonymous,EN,1,I pay attention,NA,male,50,2,5caf46d9c7cdac00168f6407,2,151,dependent,a,III,1658,5,6,6,5
2022-05-02 11:55:11,2022-05-02 11:57:54,0,91.125.53.196,100,163,1,2022-05-02 11:57:55,R_2zNOtHXo9yfEj06,NA,NA,NA,NA,55.9062,-3.1305,anonymous,EN,1,I pay attention,NA,male,43,4,5c5eb5f38f58370001393878,2,152,dependent,b,II,1334,2,4,4,2
2022-05-02 11:55:11,2022-05-02 11:57:54,0,91.125.53.196,100,163,1,2022-05-02 11:57:55,R_2zNOtHXo9yfEj06,NA,NA,NA,NA,55.9062,-3.1305,anonymous,EN,1,I pay attention,NA,male,43,4,5c5eb5f38f58370001393878,2,152,independent,a,II,1397,2,3,3,2
2022-05-02 11:56:29,2022-05-02 11:58:03,0,81.105.12.135,100,94,1,2022-05-02 11:58:03,R_yw0W8zWxF2Y5Lrz,NA,NA,NA,NA,55.9402,-4.1605,anonymous,EN,1,I pay attention,NA,male,34,7,5e805cc568080c748f04f61a,2,153,independent,b,I,1423,4,4,4,4
2022-05-02 11:56:29,2022-05-02 11:58:03,0,81.105.12.135,100,94,1,2022-05-02 11:58:03,R_yw0W8zWxF2Y5Lrz,NA,NA,NA,NA,55.9402,-4.1605,anonymous,EN,1,I pay attention,NA,male,34,7,5e805cc568080c748f04f61a,2,153,dependent,a,I,1644,4,4,4,4
2022-05-02 11:55:48,2022-05-02 11:58:17,0,2.216.67.113,100,148,1,2022-05-02 11:58:17,R_3MPu2mSa3jhBPBx,NA,NA,NA,NA,53.4067,-2.5637,anonymous,EN,1,I pay attention,NA,male,42,2,570d1b455e51560009fe222d,2,154,independent,b,II,1308,4,4,4,4
2022-05-02 11:55:48,2022-05-02 11:58:17,0,2.216.67.113,100,148,1,2022-05-02 11:58:17,R_3MPu2mSa3jhBPBx,NA,NA,NA,NA,53.4067,-2.5637,anonymous,EN,1,I pay attention,NA,male,42,2,570d1b455e51560009fe222d,2,154,dependent,a,II,1451,5,4,4,5
2022-05-02 11:54:35,2022-05-02 11:58:29,0,176.24.58.215,100,233,1,2022-05-02 11:58:32,R_2vkUABAKYurEmPb,NA,NA,NA,NA,51.4805,-0.0113,anonymous,EN,1,I pat attention,NA,male,52,5,5f9558cbb4a1a902fb6902e5,2,155,dependent,b,II,1335,6,5,5,6
2022-05-02 11:54:35,2022-05-02 11:58:29,0,176.24.58.215,100,233,1,2022-05-02 11:58:32,R_2vkUABAKYurEmPb,NA,NA,NA,NA,51.4805,-0.0113,anonymous,EN,1,I pat attention,NA,male,52,5,5f9558cbb4a1a902fb6902e5,2,155,independent,a,II,1246,3,5,5,3
2022-05-02 11:55:48,2022-05-02 11:58:38,0,109.151.129.5,100,169,1,2022-05-02 11:58:38,R_069fyXyXDlA7LWh,NA,NA,NA,NA,51.8053,-0.8086,anonymous,EN,1,I pay attention,NA,male,58,2,5b731044b9daa700013fb269,2,156,independent,b,III,1500,4,4,4,4
2022-05-02 11:55:48,2022-05-02 11:58:38,0,109.151.129.5,100,169,1,2022-05-02 11:58:38,R_069fyXyXDlA7LWh,NA,NA,NA,NA,51.8053,-0.8086,anonymous,EN,1,I pay attention,NA,male,58,2,5b731044b9daa700013fb269,2,156,dependent,a,III,1652,4,4,4,4
2022-05-02 11:55:20,2022-05-02 11:58:39,0,85.255.233.94,100,198,1,2022-05-02 11:58:39,R_31hm6K7lMAbJ5ML,NA,NA,NA,NA,51.4964,-0.1224,anonymous,EN,1,I pay attention,NA,male,30,6,5ca0de7d8001d50018c69031,2,157,dependent,b,I,1400,4,6,6,4
2022-05-02 11:55:20,2022-05-02 11:58:39,0,85.255.233.94,100,198,1,2022-05-02 11:58:39,R_31hm6K7lMAbJ5ML,NA,NA,NA,NA,51.4964,-0.1224,anonymous,EN,1,I pay attention,NA,male,30,6,5ca0de7d8001d50018c69031,2,157,independent,a,I,1649,4,5,5,4
2022-05-02 11:55:27,2022-05-02 11:58:44,0,5.68.107.126,100,197,1,2022-05-02 11:58:44,R_3314UAgXmcDSsbI,NA,NA,NA,NA,53.3022,-2.2312,anonymous,EN,1,I pay attention,NA,male,29,4,6032665c2e34a2226b79a3e1,2,158,dependent,b,I,1403,5,6,6,5
2022-05-02 11:55:27,2022-05-02 11:58:44,0,5.68.107.126,100,197,1,2022-05-02 11:58:44,R_3314UAgXmcDSsbI,NA,NA,NA,NA,53.3022,-2.2312,anonymous,EN,1,I pay attention,NA,male,29,4,6032665c2e34a2226b79a3e1,2,158,independent,a,I,1637,5,6,6,5
2022-05-02 11:57:24,2022-05-02 11:58:44,0,82.5.161.201,100,80,1,2022-05-02 11:58:45,R_1QseEMuaoZGpqSJ,NA,NA,NA,NA,53.4604,-3.0176,anonymous,EN,1,I pay attention,NA,male,35,4,5bc3a361f69e010001872b55,2,159,independent,b,III,1530,4,4,4,4
2022-05-02 11:57:24,2022-05-02 11:58:44,0,82.5.161.201,100,80,1,2022-05-02 11:58:45,R_1QseEMuaoZGpqSJ,NA,NA,NA,NA,53.4604,-3.0176,anonymous,EN,1,I pay attention,NA,male,35,4,5bc3a361f69e010001872b55,2,159,dependent,a,III,1682,3,3,3,3
2022-05-02 11:57:11,2022-05-02 11:58:45,0,82.132.224.101,100,93,1,2022-05-02 11:58:45,R_3oGybb1ib92OCQt,NA,NA,NA,NA,51.5549,0.0529,anonymous,EN,1,I pay attention,NA,male,37,3,615d709c083d5961537852c2,2,160,dependent,b,III,1513,4,4,4,4
2022-05-02 11:57:11,2022-05-02 11:58:45,0,82.132.224.101,100,93,1,2022-05-02 11:58:45,R_3oGybb1ib92OCQt,NA,NA,NA,NA,51.5549,0.0529,anonymous,EN,1,I pay attention,NA,male,37,3,615d709c083d5961537852c2,2,160,independent,a,III,1685,3,4,4,3
2022-05-02 11:55:32,2022-05-02 11:59:00,0,89.240.163.3,100,208,1,2022-05-02 11:59:01,R_27qJxZagJrNJmmg,NA,NA,NA,NA,53.3929,-1.5455,anonymous,EN,1,I pay attention,NA,male,58,5,57278abae386b9000e3f1d58,2,161,independent,b,II,1349,5,5,5,5
2022-05-02 11:55:32,2022-05-02 11:59:00,0,89.240.163.3,100,208,1,2022-05-02 11:59:01,R_27qJxZagJrNJmmg,NA,NA,NA,NA,53.3929,-1.5455,anonymous,EN,1,I pay attention,NA,male,58,5,57278abae386b9000e3f1d58,2,161,dependent,a,II,1503,5,4,4,5
2022-05-02 11:57:16,2022-05-02 11:59:09,0,88.105.32.180,100,113,1,2022-05-02 11:59:10,R_DcPD4Aaa6I1uTiF,NA,NA,NA,NA,52.25,-0.8833,anonymous,EN,1,i pay attention,NA,male,58,3,5c364ce2ba92810001db13e8,2,162,dependent,b,I,1493,3,5,5,3
2022-05-02 11:57:16,2022-05-02 11:59:09,0,88.105.32.180,100,113,1,2022-05-02 11:59:10,R_DcPD4Aaa6I1uTiF,NA,NA,NA,NA,52.25,-0.8833,anonymous,EN,1,i pay attention,NA,male,58,3,5c364ce2ba92810001db13e8,2,162,independent,a,I,1492,3,4,4,3
2022-05-02 11:57:27,2022-05-02 11:59:11,0,146.199.192.142,100,103,1,2022-05-02 11:59:11,R_ULzzN7U0TrEufuh,NA,NA,NA,NA,57.1453,-2.0945,anonymous,EN,1,I pay attention,NA,male,27,6,59df97d2be399f0001e49850,2,163,independent,b,III,1515,5,6,6,5
2022-05-02 11:57:27,2022-05-02 11:59:11,0,146.199.192.142,100,103,1,2022-05-02 11:59:11,R_ULzzN7U0TrEufuh,NA,NA,NA,NA,57.1453,-2.0945,anonymous,EN,1,I pay attention,NA,male,27,6,59df97d2be399f0001e49850,2,163,dependent,a,III,1665,6,8,7,6
2022-05-02 11:57:12,2022-05-02 11:59:26,0,82.34.81.124,100,134,1,2022-05-02 11:59:26,R_28NdFe1SGGlQNcQ,NA,NA,NA,NA,55.9552,-3.2,anonymous,EN,1,I pay attention,NA,male,42,7,5b05b9796996a60001a40f14,2,164,independent,b,II,1338,6,6,6,6
2022-05-02 11:57:12,2022-05-02 11:59:26,0,82.34.81.124,100,134,1,2022-05-02 11:59:26,R_28NdFe1SGGlQNcQ,NA,NA,NA,NA,55.9552,-3.2,anonymous,EN,1,I pay attention,NA,male,42,7,5b05b9796996a60001a40f14,2,164,dependent,a,II,1485,3,4,4,3
2022-05-02 11:57:54,2022-05-02 11:59:26,0,86.168.139.230,100,91,1,2022-05-02 11:59:26,R_eMbfpPG4zdVBVp7,NA,NA,NA,NA,52.7839,-1.6676,anonymous,EN,1,I pay attention,NA,male,27,6,6103afcc83916ef8ecf8b1c8,2,165,dependent,b,III,1539,3,4,4,3
2022-05-02 11:57:54,2022-05-02 11:59:26,0,86.168.139.230,100,91,1,2022-05-02 11:59:26,R_eMbfpPG4zdVBVp7,NA,NA,NA,NA,52.7839,-1.6676,anonymous,EN,1,I pay attention,NA,male,27,6,6103afcc83916ef8ecf8b1c8,2,165,independent,a,III,1661,3,4,4,3
2022-05-02 11:56:16,2022-05-02 11:59:27,0,92.234.66.151,100,190,1,2022-05-02 11:59:27,R_3CLwArPZnGWH2xP,NA,NA,NA,NA,51.5158,-0.4234,anonymous,EN,1,I pay attention,NA,female,29,1,5ed779155833de1f4af8e56f,2,166,independent,b,I,1400,5,3,3,5
2022-05-02 11:56:16,2022-05-02 11:59:27,0,92.234.66.151,100,190,1,2022-05-02 11:59:27,R_3CLwArPZnGWH2xP,NA,NA,NA,NA,51.5158,-0.4234,anonymous,EN,1,I pay attention,NA,female,29,1,5ed779155833de1f4af8e56f,2,166,dependent,a,I,1600,3,4,4,3
2022-05-02 11:56:46,2022-05-02 11:59:27,0,46.64.130.137,100,160,1,2022-05-02 11:59:27,R_2aRmLHQ4kx3YAa7,NA,NA,NA,NA,52.2991,-0.6942,anonymous,EN,1,I pay attention,NA,male,40,6,5e62d04aef80c606fa5ac1d8,2,167,independent,b,II,1303,4,5,5,4
2022-05-02 11:56:46,2022-05-02 11:59:27,0,46.64.130.137,100,160,1,2022-05-02 11:59:27,R_2aRmLHQ4kx3YAa7,NA,NA,NA,NA,52.2991,-0.6942,anonymous,EN,1,I pay attention,NA,male,40,6,5e62d04aef80c606fa5ac1d8,2,167,dependent,a,II,1474,5,4,4,5
2022-05-02 11:57:42,2022-05-02 11:59:36,0,109.154.188.133,100,113,1,2022-05-02 11:59:36,R_3nCV8GWuwN3taMX,NA,NA,NA,NA,51.4203,-0.1175,anonymous,EN,1,I pay attention,NA,male,30,5,5f1c5f809780db094345862b,2,168,independent,b,I,1400,5,4,4,5
2022-05-02 11:57:42,2022-05-02 11:59:36,0,109.154.188.133,100,113,1,2022-05-02 11:59:36,R_3nCV8GWuwN3taMX,NA,NA,NA,NA,51.4203,-0.1175,anonymous,EN,1,I pay attention,NA,male,30,5,5f1c5f809780db094345862b,2,168,dependent,a,I,1608,6,5,5,6
2022-05-02 11:56:00,2022-05-02 11:59:37,0,85.255.235.0,100,216,1,2022-05-02 11:59:37,R_3hooEAnoElKuMYU,NA,NA,NA,NA,51.4964,-0.1224,anonymous,EN,1,I pay attention,NA,male,36,2,622891048e07e5f0cab52254,2,169,dependent,b,III,1526,1,4,4,1
2022-05-02 11:56:00,2022-05-02 11:59:37,0,85.255.235.0,100,216,1,2022-05-02 11:59:37,R_3hooEAnoElKuMYU,NA,NA,NA,NA,51.4964,-0.1224,anonymous,EN,1,I pay attention,NA,male,36,2,622891048e07e5f0cab52254,2,169,independent,a,III,1723,1,4,4,1
2022-05-02 11:58:01,2022-05-02 11:59:37,0,86.14.246.23,100,95,1,2022-05-02 11:59:37,R_6DsFAHDN0lk4EAF,NA,NA,NA,NA,54.6534,-5.6689,anonymous,EN,1,I pay attention,NA,male,31,2,5b4b8e28a10d5b000188bd15,2,170,dependent,b,I,1400,5,4,4,5
2022-05-02 11:58:01,2022-05-02 11:59:37,0,86.14.246.23,100,95,1,2022-05-02 11:59:37,R_6DsFAHDN0lk4EAF,NA,NA,NA,NA,54.6534,-5.6689,anonymous,EN,1,I pay attention,NA,male,31,2,5b4b8e28a10d5b000188bd15,2,170,independent,a,I,1635,1,4,4,1
2022-05-02 11:55:13,2022-05-02 11:59:43,0,86.15.80.227,100,270,1,2022-05-02 11:59:44,R_2SqwP7ZTa7fMHs6,NA,NA,NA,NA,51.3488,-0.0321,anonymous,EN,1,I pay attention,NA,male,64,3,56d33245321cae000b68d9e4,2,171,independent,b,III,1528,6,5,5,6
2022-05-02 11:55:13,2022-05-02 11:59:43,0,86.15.80.227,100,270,1,2022-05-02 11:59:44,R_2SqwP7ZTa7fMHs6,NA,NA,NA,NA,51.3488,-0.0321,anonymous,EN,1,I pay attention,NA,male,64,3,56d33245321cae000b68d9e4,2,171,dependent,a,III,1669,5,6,6,5
2022-05-02 11:57:03,2022-05-02 11:59:48,0,51.146.175.111,100,165,1,2022-05-02 11:59:48,R_2dXxEg1JXyicPm9,NA,NA,NA,NA,51.9276,-0.4968,anonymous,EN,1,i pay attention,NA,male,38,3,60ef2be78a6176ef73fe4bc2,2,172,dependent,b,III,1523,8,8,7,7
2022-05-02 11:57:03,2022-05-02 11:59:48,0,51.146.175.111,100,165,1,2022-05-02 11:59:48,R_2dXxEg1JXyicPm9,NA,NA,NA,NA,51.9276,-0.4968,anonymous,EN,1,i pay attention,NA,male,38,3,60ef2be78a6176ef73fe4bc2,2,172,independent,a,III,1665,6,6,6,6
2022-05-02 11:57:02,2022-05-02 11:59:50,0,51.199.52.211,100,168,1,2022-05-02 11:59:51,R_3QSLKFl2NKSQtKh,NA,NA,NA,NA,54.5753,-5.9962,anonymous,EN,1,I pay attention,NA,male,36,5,5efa684dd994c48b998c661d,2,173,dependent,b,II,1361,5,3,3,5
2022-05-02 11:57:02,2022-05-02 11:59:50,0,51.199.52.211,100,168,1,2022-05-02 11:59:51,R_3QSLKFl2NKSQtKh,NA,NA,NA,NA,54.5753,-5.9962,anonymous,EN,1,I pay attention,NA,male,36,5,5efa684dd994c48b998c661d,2,173,independent,a,II,1461,5,4,4,5
2022-05-02 11:56:08,2022-05-02 11:59:51,0,92.12.187.130,100,222,1,2022-05-02 11:59:51,R_qUfA5qvlvhnyHXb,NA,NA,NA,NA,53.2558,-1.4292,anonymous,EN,1,I pay attention,NA,male,41,2,573a34f614f69e000d7d670f,2,174,dependent,b,II,1144,4,3,3,4
2022-05-02 11:56:08,2022-05-02 11:59:51,0,92.12.187.130,100,222,1,2022-05-02 11:59:51,R_qUfA5qvlvhnyHXb,NA,NA,NA,NA,53.2558,-1.4292,anonymous,EN,1,I pay attention,NA,male,41,2,573a34f614f69e000d7d670f,2,174,independent,a,II,1132,3,4,4,3
2022-05-02 11:58:11,2022-05-02 11:59:54,0,51.198.222.134,100,103,1,2022-05-02 11:59:55,R_3OdKvZ5eHBEMsKA,NA,NA,NA,NA,53.3368,-1.3547,anonymous,EN,1,I pay attention,NA,male,24,4,5eb9739520d6dd05a01cc017,2,175,independent,b,I,1417,5,5,5,5
2022-05-02 11:58:11,2022-05-02 11:59:54,0,51.198.222.134,100,103,1,2022-05-02 11:59:55,R_3OdKvZ5eHBEMsKA,NA,NA,NA,NA,53.3368,-1.3547,anonymous,EN,1,I pay attention,NA,male,24,4,5eb9739520d6dd05a01cc017,2,175,dependent,a,I,1621,3,3,3,3
2022-05-02 11:58:24,2022-05-02 11:59:56,0,81.135.128.107,100,91,1,2022-05-02 11:59:56,R_Wr3wsneqeC1ZjON,NA,NA,NA,NA,51.5828,-0.3448,anonymous,EN,1,I pay attention,NA,male,45,5,571f8f1c936f5f0011c62cda,2,176,dependent,b,III,1394,4,4,4,4
2022-05-02 11:58:24,2022-05-02 11:59:56,0,81.135.128.107,100,91,1,2022-05-02 11:59:56,R_Wr3wsneqeC1ZjON,NA,NA,NA,NA,51.5828,-0.3448,anonymous,EN,1,I pay attention,NA,male,45,5,571f8f1c936f5f0011c62cda,2,176,independent,a,III,1659,3,4,4,3
2022-05-02 11:56:57,2022-05-02 12:00:17,0,82.15.51.123,100,200,1,2022-05-02 12:00:18,R_1FlyzsYupb19HtQ,NA,NA,NA,NA,53.4003,-2.2154,anonymous,EN,1,I pay attention,NA,male,20,4,5fd68cf2f0478a5da712c28e,2,177,independent,b,I,1652,3,4,4,3
2022-05-02 11:56:57,2022-05-02 12:00:17,0,82.15.51.123,100,200,1,2022-05-02 12:00:18,R_1FlyzsYupb19HtQ,NA,NA,NA,NA,53.4003,-2.2154,anonymous,EN,1,I pay attention,NA,male,20,4,5fd68cf2f0478a5da712c28e,2,177,dependent,a,I,1635,5,5,5,5
2022-05-02 11:58:51,2022-05-02 12:00:27,0,82.38.31.167,100,95,1,2022-05-02 12:00:27,R_3IZcGBoWc8K8dl7,NA,NA,NA,NA,52.4811,-2.1156,anonymous,EN,1,I pay attention,NA,male,35,2,60fbfb7934abbb6199381c88,2,178,dependent,b,II,1338,4,5,5,4
2022-05-02 11:58:51,2022-05-02 12:00:27,0,82.38.31.167,100,95,1,2022-05-02 12:00:27,R_3IZcGBoWc8K8dl7,NA,NA,NA,NA,52.4811,-2.1156,anonymous,EN,1,I pay attention,NA,male,35,2,60fbfb7934abbb6199381c88,2,178,independent,a,II,1470,4,5,5,4
2022-05-02 11:57:45,2022-05-02 12:00:28,0,150.143.10.134,100,162,1,2022-05-02 12:00:28,R_2TFqsBhttcY4fvp,NA,NA,NA,NA,51.4964,-0.1224,anonymous,EN,1,I pay attention,NA,male,68,6,5e62baa196dc6005c592a0ff,2,179,dependent,b,II,1307,5,4,4,5
2022-05-02 11:57:45,2022-05-02 12:00:28,0,150.143.10.134,100,162,1,2022-05-02 12:00:28,R_2TFqsBhttcY4fvp,NA,NA,NA,NA,51.4964,-0.1224,anonymous,EN,1,I pay attention,NA,male,68,6,5e62baa196dc6005c592a0ff,2,179,independent,a,II,1483,5,5,5,5
2022-05-02 11:58:37,2022-05-02 12:00:56,0,94.192.111.73,100,138,1,2022-05-02 12:00:57,R_1cUE6dpxEWymooW,NA,NA,NA,NA,50.9973,-0.1053,anonymous,EN,1,I pay attention,NA,male,29,3,5d9b4d9d6cb1870018ba1a27,2,180,independent,b,III,1525,5,6,6,5
2022-05-02 11:58:37,2022-05-02 12:00:56,0,94.192.111.73,100,138,1,2022-05-02 12:00:57,R_1cUE6dpxEWymooW,NA,NA,NA,NA,50.9973,-0.1053,anonymous,EN,1,I pay attention,NA,male,29,3,5d9b4d9d6cb1870018ba1a27,2,180,dependent,a,III,1675,6,8,7,6
2022-05-02 11:58:52,2022-05-02 12:00:56,0,92.0.70.90,100,124,1,2022-05-02 12:00:57,R_1pnyN3BTEORP8Zb,NA,NA,NA,NA,52.9538,-1.1571,anonymous,EN,1,I pay attention,NA,male,43,2,5a69d77a56585a0001633482,2,181,dependent,b,I,1376,6,3,3,6
2022-05-02 11:58:52,2022-05-02 12:00:56,0,92.0.70.90,100,124,1,2022-05-02 12:00:57,R_1pnyN3BTEORP8Zb,NA,NA,NA,NA,52.9538,-1.1571,anonymous,EN,1,I pay attention,NA,male,43,2,5a69d77a56585a0001633482,2,181,independent,a,I,1637,5,5,5,5
2022-05-02 11:55:43,2022-05-02 12:01:03,0,84.70.91.14,100,320,1,2022-05-02 12:01:04,R_3MPVRWClsTkG1FR,NA,NA,NA,NA,53.7407,-1.4903,anonymous,EN,1,I pay attention,NA,male,36,6,56cb314508d7300005fd312a,2,182,dependent,b,II,1310,5,2,2,5
2022-05-02 11:55:43,2022-05-02 12:01:03,0,84.70.91.14,100,320,1,2022-05-02 12:01:04,R_3MPVRWClsTkG1FR,NA,NA,NA,NA,53.7407,-1.4903,anonymous,EN,1,I pay attention,NA,male,36,6,56cb314508d7300005fd312a,2,182,independent,a,II,1434,4,3,3,4
2022-05-02 11:57:52,2022-05-02 12:01:43,0,131.111.5.153,100,230,1,2022-05-02 12:01:43,R_eku7X4CkKUCkdcB,NA,NA,NA,NA,52.2087,0.0986,anonymous,EN,1,I pay attention,NA,male,20,2,5eca6060350b940124f94980,2,183,independent,b,II,1521,2,3,3,2
2022-05-02 11:57:52,2022-05-02 12:01:43,0,131.111.5.153,100,230,1,2022-05-02 12:01:43,R_eku7X4CkKUCkdcB,NA,NA,NA,NA,52.2087,0.0986,anonymous,EN,1,I pay attention,NA,male,20,2,5eca6060350b940124f94980,2,183,dependent,a,II,1549,3,5,5,3
2022-05-02 11:59:21,2022-05-02 12:01:51,0,82.38.218.243,100,150,1,2022-05-02 12:01:52,R_ue0blaiQXQYzB4d,NA,NA,NA,NA,51.4771,-2.5531,anonymous,EN,1,I pay attention,NA,male,32,6,6234c59765c815abbc665078,2,184,independent,b,II,1321,5,6,6,5
2022-05-02 11:59:21,2022-05-02 12:01:51,0,82.38.218.243,100,150,1,2022-05-02 12:01:52,R_ue0blaiQXQYzB4d,NA,NA,NA,NA,51.4771,-2.5531,anonymous,EN,1,I pay attention,NA,male,32,6,6234c59765c815abbc665078,2,184,dependent,a,II,1783,1,3,3,1
2022-05-02 11:59:42,2022-05-02 12:01:55,0,86.10.37.16,100,132,1,2022-05-02 12:01:55,R_AmJBpwOsll2AGxX,NA,NA,NA,NA,51.2105,-1.5001,anonymous,EN,1,I pay attention,NA,male,27,4,5e2df53ff420f03dee6a87b7,2,185,dependent,b,III,1510,4,5,5,4
2022-05-02 11:59:42,2022-05-02 12:01:55,0,86.10.37.16,100,132,1,2022-05-02 12:01:55,R_AmJBpwOsll2AGxX,NA,NA,NA,NA,51.2105,-1.5001,anonymous,EN,1,I pay attention,NA,male,27,4,5e2df53ff420f03dee6a87b7,2,185,independent,a,III,1687,3,4,4,3
2022-05-02 11:56:30,2022-05-02 12:01:57,0,5.70.138.78,100,326,1,2022-05-02 12:01:57,R_qUElLJPQ2Suwoal,NA,NA,NA,NA,50.8552,0.5716,anonymous,EN,1,I pay attention,NA,male,55,5,60e492cfcd1e83904bd9897e,2,186,independent,b,II,1310,2,3,3,2
2022-05-02 11:56:30,2022-05-02 12:01:57,0,5.70.138.78,100,326,1,2022-05-02 12:01:57,R_qUElLJPQ2Suwoal,NA,NA,NA,NA,50.8552,0.5716,anonymous,EN,1,I pay attention,NA,male,55,5,60e492cfcd1e83904bd9897e,2,186,dependent,a,II,1468,5,5,5,5
2022-05-02 11:58:32,2022-05-02 12:02:18,0,93.97.176.246,100,226,1,2022-05-02 12:02:19,R_2CybaqJvC8BLvKL,NA,NA,NA,NA,52.4341,-1.4141,anonymous,EN,1,I pay attention,NA,male,55,3,6157467e0a080dc279cf5a49,2,187,dependent,b,I,1427,4,5,5,4
2022-05-02 11:58:32,2022-05-02 12:02:18,0,93.97.176.246,100,226,1,2022-05-02 12:02:19,R_2CybaqJvC8BLvKL,NA,NA,NA,NA,52.4341,-1.4141,anonymous,EN,1,I pay attention,NA,male,55,3,6157467e0a080dc279cf5a49,2,187,independent,a,I,1623,3,3,3,3
2022-05-02 12:00:25,2022-05-02 12:02:20,0,51.9.72.8,100,114,1,2022-05-02 12:02:20,R_3Kq4ulshxctcD7c,NA,NA,NA,NA,53.2498,-0.5115,anonymous,EN,1,I pay attention,NA,male,66,5,59b577e309494b0001313c6f,2,188,independent,b,II,1308,2,3,3,2
2022-05-02 12:00:25,2022-05-02 12:02:20,0,51.9.72.8,100,114,1,2022-05-02 12:02:20,R_3Kq4ulshxctcD7c,NA,NA,NA,NA,53.2498,-0.5115,anonymous,EN,1,I pay attention,NA,male,66,5,59b577e309494b0001313c6f,2,188,dependent,a,II,1465,3,4,4,3
2022-05-02 11:59:18,2022-05-02 12:02:27,0,92.40.190.225,100,189,1,2022-05-02 12:02:27,R_U9qTSwsPbnoGzqp,NA,NA,NA,NA,51.4964,-0.1224,anonymous,EN,1,I pay attention,NA,male,28,6,5ea978b0b2e53107e25af4da,2,189,independent,b,III,1534,4,5,5,4
2022-05-02 11:59:18,2022-05-02 12:02:27,0,92.40.190.225,100,189,1,2022-05-02 12:02:27,R_U9qTSwsPbnoGzqp,NA,NA,NA,NA,51.4964,-0.1224,anonymous,EN,1,I pay attention,NA,male,28,6,5ea978b0b2e53107e25af4da,2,189,dependent,a,III,1690,6,5,5,6
2022-05-02 12:00:30,2022-05-02 12:02:28,0,86.129.6.10,100,118,1,2022-05-02 12:02:28,R_1qgrBsQYgXRovZZ,NA,NA,NA,NA,51.9947,-0.7221,anonymous,EN,1,I pay attention,NA,male,32,2,5c1d232074ad0b0001531eea,2,190,dependent,b,II,1334,5,5,5,5
2022-05-02 12:00:30,2022-05-02 12:02:28,0,86.129.6.10,100,118,1,2022-05-02 12:02:28,R_1qgrBsQYgXRovZZ,NA,NA,NA,NA,51.9947,-0.7221,anonymous,EN,1,I pay attention,NA,male,32,2,5c1d232074ad0b0001531eea,2,190,independent,a,II,1473,3,4,4,3
2022-05-02 12:01:27,2022-05-02 12:03:13,0,213.205.194.168,100,106,1,2022-05-02 12:03:14,R_1kLn9SLyIzo9KVf,NA,NA,NA,NA,51.3488,-0.0321,anonymous,EN,1,I pay attention,NA,male,51,3,5b257364a7cee100011d8831,2,191,dependent,b,II,1517,4,6,6,4
2022-05-02 12:01:27,2022-05-02 12:03:13,0,213.205.194.168,100,106,1,2022-05-02 12:03:14,R_1kLn9SLyIzo9KVf,NA,NA,NA,NA,51.3488,-0.0321,anonymous,EN,1,I pay attention,NA,male,51,3,5b257364a7cee100011d8831,2,191,independent,a,II,1514,3,4,4,3
2022-05-02 12:00:08,2022-05-02 12:03:27,0,84.68.196.3,100,198,1,2022-05-02 12:03:27,R_2awPLEzlx5Sz8gl,NA,NA,NA,NA,53.0766,-1.5233,anonymous,EN,1,I pay attention,NA,male,59,5,5d59a10aa17f570017307126,2,192,independent,b,I,1418,3,4,4,3
2022-05-02 12:00:08,2022-05-02 12:03:27,0,84.68.196.3,100,198,1,2022-05-02 12:03:27,R_2awPLEzlx5Sz8gl,NA,NA,NA,NA,53.0766,-1.5233,anonymous,EN,1,I pay attention,NA,male,59,5,5d59a10aa17f570017307126,2,192,dependent,a,I,1625,5,5,5,5
2022-05-02 12:00:07,2022-05-02 12:03:43,0,86.11.101.208,100,216,1,2022-05-02 12:03:44,R_2SAeGFEUyD2A4TN,NA,NA,NA,NA,51.4805,-0.0113,anonymous,EN,1,I pay attention,NA,male,31,5,61f2acf0a09e72f23cbaf75c,2,193,independent,b,III,1504,5,6,6,5
2022-05-02 12:00:07,2022-05-02 12:03:43,0,86.11.101.208,100,216,1,2022-05-02 12:03:44,R_2SAeGFEUyD2A4TN,NA,NA,NA,NA,51.4805,-0.0113,anonymous,EN,1,I pay attention,NA,male,31,5,61f2acf0a09e72f23cbaf75c,2,193,dependent,a,III,1502,4,3,3,4
2022-05-02 11:58:39,2022-05-02 12:03:51,0,86.178.11.102,100,311,1,2022-05-02 12:03:51,R_3laszFzOF4emy8p,NA,NA,NA,NA,52.7494,1.0263,anonymous,EN,1,I pay attention,NA,male,61,3,5b97dba2813d530001c326ee,2,194,dependent,b,I,1501,2,4,4,2
2022-05-02 11:58:39,2022-05-02 12:03:51,0,86.178.11.102,100,311,1,2022-05-02 12:03:51,R_3laszFzOF4emy8p,NA,NA,NA,NA,52.7494,1.0263,anonymous,EN,1,I pay attention,NA,male,61,3,5b97dba2813d530001c326ee,2,194,independent,a,I,1500,2,5,5,2
2022-05-02 11:58:53,2022-05-02 12:04:00,0,91.110.152.236,100,307,1,2022-05-02 12:04:01,R_1o4NoaxWwjBMJVN,NA,NA,NA,NA,51.3705,-0.4513,anonymous,EN,1,I pay attention,NA,male,18,2,5fd2948a06a84e053fe86415,2,195,dependent,b,II,1325,5,6,6,5
2022-05-02 11:58:53,2022-05-02 12:04:00,0,91.110.152.236,100,307,1,2022-05-02 12:04:01,R_1o4NoaxWwjBMJVN,NA,NA,NA,NA,51.3705,-0.4513,anonymous,EN,1,I pay attention,NA,male,18,2,5fd2948a06a84e053fe86415,2,195,independent,a,II,1459,6,6,6,6
2022-05-02 12:00:05,2022-05-02 12:04:11,0,92.40.191.219,100,245,1,2022-05-02 12:04:11,R_1I6RpWrGr4WTSNQ,NA,NA,NA,NA,51.4964,-0.1224,anonymous,EN,1,I pay attention,NA,male,58,3,5863ab01ac950900013dd9dd,2,196,independent,b,I,1500,3,4,4,3
2022-05-02 12:00:05,2022-05-02 12:04:11,0,92.40.191.219,100,245,1,2022-05-02 12:04:11,R_1I6RpWrGr4WTSNQ,NA,NA,NA,NA,51.4964,-0.1224,anonymous,EN,1,I pay attention,NA,male,58,3,5863ab01ac950900013dd9dd,2,196,dependent,a,I,1500,3,4,4,3
2022-05-02 12:00:03,2022-05-02 12:04:24,0,94.3.235.232,100,261,1,2022-05-02 12:04:25,R_3q9hZGd2xZ1nWeV,NA,NA,NA,NA,52.3325,-0.1844,anonymous,EN,1,I pay attention,NA,male,58,4,5f1d5591fe7ca36560aa455a,2,197,dependent,b,III,1500,4,4,4,4
2022-05-02 12:00:03,2022-05-02 12:04:24,0,94.3.235.232,100,261,1,2022-05-02 12:04:25,R_3q9hZGd2xZ1nWeV,NA,NA,NA,NA,52.3325,-0.1844,anonymous,EN,1,I pay attention,NA,male,58,4,5f1d5591fe7ca36560aa455a,2,197,independent,a,III,1500,4,4,4,4
2022-05-02 11:44:52,2022-05-02 12:04:45,0,86.22.193.208,100,1193,1,2022-05-02 12:04:46,R_2curuAcP29nKzPa,NA,NA,NA,NA,55.7773,-4.4609,anonymous,EN,1,I pay attention,NA,male,68,5,5f90632f36d7b010513bc198,2,198,dependent,b,II,1420,4,5,5,4
2022-05-02 11:44:52,2022-05-02 12:04:45,0,86.22.193.208,100,1193,1,2022-05-02 12:04:46,R_2curuAcP29nKzPa,NA,NA,NA,NA,55.7773,-4.4609,anonymous,EN,1,I pay attention,NA,male,68,5,5f90632f36d7b010513bc198,2,198,independent,a,II,1487,4,5,5,4
2022-05-02 12:00:50,2022-05-02 12:05:14,0,87.115.157.126,100,264,1,2022-05-02 12:05:15,R_3mgHsDaF3R7D8jB,NA,NA,NA,NA,55.8483,-4.3481,anonymous,EN,1,i pay attention,NA,male,36,5,5ef5c4d6302676029014b815,2,199,dependent,b,III,1500,2,4,4,2
2022-05-02 12:00:50,2022-05-02 12:05:14,0,87.115.157.126,100,264,1,2022-05-02 12:05:15,R_3mgHsDaF3R7D8jB,NA,NA,NA,NA,55.8483,-4.3481,anonymous,EN,1,i pay attention,NA,male,36,5,5ef5c4d6302676029014b815,2,199,independent,a,III,1655,2,5,5,2
2022-05-02 12:01:47,2022-05-02 12:05:33,0,213.205.192.186,100,226,1,2022-05-02 12:05:33,R_86ONkpYDiFqiIbT,NA,NA,NA,NA,53.4462,-2.107,anonymous,EN,1,I pay attention,NA,male,24,3,5c6325a730ccf800019350c6,2,200,independent,b,II,1336,4,4,4,4
2022-05-02 12:01:47,2022-05-02 12:05:33,0,213.205.192.186,100,226,1,2022-05-02 12:05:33,R_86ONkpYDiFqiIbT,NA,NA,NA,NA,53.4462,-2.107,anonymous,EN,1,I pay attention,NA,male,24,3,5c6325a730ccf800019350c6,2,200,dependent,a,II,1377,6,5,5,6
